kind,transa,transb,shape_index,label,m,n,k,library,gflops,best_ns,median_ns,p95_ns,max_ns,reps,process_repeats,median_ns_samples,batch_calls,batch_calls_samples,check
sgemm,N,N,0,m1_n1_k1,1,1,1,Zynum,0.085186,23.47802734375,24.637939453125,150.59375,164.5107421875,30,6,"147.419921875,24.0123291015625,23.49853515625,24.5361328125,24.73974609375,27.10986328125",4096,"1024,4096,4096,4096,4096,4096",checked-ok
sgemm,N,N,1,m8_n8_k8,8,8,8,Zynum,7.198495,142.251953125,144.68408203125,171.0205078125,179.97265625,30,6,"168.84326171875,144.32763671875,144.857421875,144.5107421875,143.0869140625,150.67529296875",1024,"1024,1024,1024,1024,1024,1024",checked-ok
sgemm,N,N,2,m31_n31_k31,31,31,31,Zynum,56.353141,1057.296875,1116.86328125,1165.359375,1246.75,30,6,"1095.8671875,1098.6328125,1095.21484375,1135.09375,1143.2265625,1141.2734375",128,"128,128,128,128,128,128",checked-ok
sgemm,N,N,3,m33_n33_k33,33,33,33,Zynum,63.356073,1134.4453125,1216.30859375,1313.796875,1341.796875,30,6,"1178.546875,1148.92578125,1219.40234375,1213.21484375,1310.3828125,1258.94921875",128,"128,128,128,128,128,128",checked-ok
sgemm,N,N,4,sq64,64,64,64,Zynum,392.449497,1335.9375,1449.708984375,1728.515625,1790.375,30,6,"1721.6875,1691.2421875,1349.93359375,1361.16796875,1432.9453125,1466.47265625",128,"64,128,128,128,128,128",checked-ok
sgemm,N,N,5,sq96,96,96,96,Zynum,687.036018,2575.515625,2946.453125,3168.625,3180.984375,30,6,"3088.546875,3120.7734375,3072.265625,2620.1171875,2820.640625,2748.046875",64,"64,64,64,64,64,64",checked-ok
sgemm,N,N,6,sq128,128,128,128,Zynum,843.028522,4975.28125,5941.734375,6183.59375,6252.625,30,6,"6098.96875,6158.875,6039.71875,5011.078125,5843.75,5432.9375",32,"32,32,32,32,32,32",checked-ok
sgemm,N,N,7,sq192,192,192,192,Zynum,705.399260,20067.75,22457.03125,24223.875,24380.125,30,6,"22268.25,22463.5625,22513.0625,22450.5,20153.625,23687.5",8,"8,8,8,8,8,8",checked-ok
sgemm,N,N,8,sq256,256,256,256,Zynum,901.546452,37218.75,40750,43593.75,43760.5,30,6,"39687.5,41625,41505.125,41437.5,40062.5,38401.125",4,"4,4,4,4,4,4",checked-ok
sgemm,N,N,9,sq384,384,384,384,Zynum,1449.551462,78125,88718.75,109125,126937.5,30,6,"91104,89854.25,89021,88156,88416.5,87968.75",2,"2,2,2,2,2,2",checked-ok
sgemm,N,N,10,sq512,512,512,512,Zynum,1889.831571,142042,148281.25,160333,163292,30,6,"148542,149271,147208.5,149687.5,147792,148020.5",1,"1,1,1,1,1,1",checked-ok
sgemm,N,N,11,sq768,768,768,768,Zynum,2130.650562,425208,458208,618000,645375,30,6,"438458.5,453437,466312.5,463750,452812.5,462979",1,"1,1,1,1,1,1",checked-ok
sgemm,N,N,12,sq1024,1024,1024,1024,Zynum,1998.666907,1074458,1399896,1562291,1601167,30,6,"1092084,1405833.5,1442854.5,1393958.5,1328187.5,1419937.5",1,"1,1,1,1,1,1",checked-ok
sgemm,N,N,13,m63_n65_k17,63,65,17,Zynum,71.860645,1937.5,2404.296875,2619.140625,2661.453125,30,6,"2075.8515625,2388.671875,2428.0625,2117.1875,2419.921875,2600.59375",64,"64,64,64,64,64,64",checked-ok
sgemm,N,N,14,m65_n63_k33,65,63,33,Zynum,77.105718,3505.1875,3892.2421875,4253.90625,4253.90625,30,6,"3548.1875,3917.96875,4166.671875,3695.3125,3895.171875,3889.3125",32,"32,32,32,32,32,32",checked-ok
sgemm,N,N,15,m127_n129_k31,127,129,31,Zynum,106.979752,9494.75,10450.515625,11356.75,11377.5625,30,6,"9998.6875,11022.125,11010.4375,10446.59375,10398.46875,10454.4375",16,"16,16,16,16,16,16",checked-ok
sgemm,N,N,16,m129_n127_k33,129,127,33,Zynum,89.446367,12088.5625,12702.484375,14864.625,15968.75,30,6,"12212.25,13411.4375,13440.125,12704.40625,12207.03125,12700.5625",16,"16,8,8,16,16,8",checked-ok
sgemm,N,N,17,m1_n4096_k256,1,4096,256,Zynum,216.305766,9695.3125,9787.75,14309.9375,24096.375,30,6,"9697.9375,10979.1875,10950.5,9875,9697.9375,9700.5",16,"16,16,16,16,16,16",checked-ok
sgemm,N,N,18,m4096_n1_k256,4096,1,256,Zynum,400.750421,5233.0625,5236.9765625,5910.15625,6343.75,30,6,"5236.96875,5494.796875,5460.921875,5235.6875,5235.6875,5236.984375",32,"32,32,32,32,32,32",checked-ok
sgemm,N,N,19,m1024_n64_k1024,1024,64,1024,Zynum,1659.149495,80895.5,83328.25,94208.5,97208.5,30,6,"82604,89229.25,89458.25,83156.25,83156.25,83500.25",2,"2,2,2,2,2,2",checked-ok
sgemm,N,N,20,m2048_n64_k512,2048,64,512,Zynum,1696.274603,79125,80666.625,90583,97021,30,6,"80458.25,86854.25,86979.25,80270.75,80427,80875",2,"2,2,2,2,2,2",checked-ok
sgemm,N,N,21,m4096_n32_k256,4096,32,256,Zynum,1530.279199,43854,45237,46906.25,48593.75,30,6,"46338.625,44786.5,45500.125,45114.5,45052.125,45359.5",4,"4,4,4,4,4,4",checked-ok
sgemm,N,N,22,m2048_n17_k257,2048,17,257,Zynum,1212.817404,14755.25,15013.03125,16520.875,16791.625,30,6,"16065.125,15041.6875,14781.25,14984.375,14869.8125,15390.625",8,"8,8,8,8,8,8",checked-ok
sgemm,N,N,23,m512_n64_k2048,512,64,2048,Zynum,1519.090567,88354,91244.75,95854.5,97583,30,6,"90739.5,92687.5,91562.5,90927,90437.5,92947.75",2,"2,2,2,2,2,2",checked-ok
sgemm,N,N,24,m64_n1024_k1024,64,1024,1024,Zynum,1322.889550,101458,114697.75,134459,162375,30,6,"115229,120229,119541.5,114166.5,109583,108562",1,"1,1,1,1,1,1",checked-ok
sgemm,N,N,25,m64_n2048_k512,64,2048,512,Zynum,1333.297519,100666,114614.25,133917,178916,30,6,"116020.5,111687.5,117291.5,117458.5,113208,105333",1,"1,1,1,1,1,1",checked-ok
sgemm,N,N,26,m32_n4096_k256,32,4096,256,Zynum,817.986799,82041.5,87208.375,104750,105354.5,30,6,"88052,93510.5,87729.25,86687.5,84843.75,84000",2,"2,2,2,2,2,2",checked-ok
sgemm,N,N,27,m17_n2048_k257,17,2048,257,Zynum,107.158228,167000,178708.25,212750,217750,30,6,"179187.5,178229,200292,201979,177875,177479",1,"1,1,1,1,1,1",checked-ok
sgemm,N,N,28,m64_n512_k2048,64,512,2048,Zynum,1242.285132,108041,129635.5,143959,152042,30,6,"132562.5,129729.5,115729.5,129541.5,129979.5,119625.5",1,"1,1,1,1,1,1",checked-ok
sgemm,N,N,29,m1024_n1024_k64,1024,1024,64,Zynum,1328.888396,101000,111750.25,128334,137042,30,6,"106458,112771.5,113187.5,110729,115937.5,108416.5",1,"1,1,1,1,1,1",checked-ok
sgemm,N,N,30,m1024_n1024_k128,1024,1024,128,Zynum,1657.858384,161917,170562.5,189458,198416,30,6,"167625,173292,167458,174958.5,174479.5,167833",1,"1,1,1,1,1,1",checked-ok
sgemm,N,N,31,m1024_n1024_k256,1024,1024,256,Zynum,1900.710591,282458,297802,512625,516875,30,6,"302521,294166.5,287000,301437.5,356937.5,289104",1,"1,1,1,1,1,1",checked-ok
sgemm,N,N,32,m256_n256_k2048,256,256,2048,Zynum,1707.963224,157167,172291.5,190208,190875,30,6,"171354.5,172083,170645.5,172500,177896,188083.5",1,"1,1,1,1,1,1",checked-ok
sgemm,N,N,33,m128_n128_k4096,128,128,4096,Zynum,1268.202999,105833,109198.25,127417,165583,30,6,"109250.5,109312.5,108271,109146,108792,123042",1,"1,1,1,1,1,1",checked-ok
sgemm,N,N,34,m1536_n256_k256,1536,256,256,Zynum,1731.841652,116250,126729.5,136500,137792,30,6,"118791.5,131208.5,118583.5,123979.5,129479.5,131271",1,"1,1,1,1,1,1",checked-ok
sgemm,N,N,35,m256_n1536_k256,256,1536,256,Zynum,1470.428011,136917,150104.75,166334,166959,30,6,"151771.5,141499.5,148438,153125,147458.5,158062.5",1,"1,1,1,1,1,1",checked-ok
sgemm,N,N,36,m512_n256_k768,512,256,768,Zynum,1711.596956,117625,134479.25,146833,147125,30,6,"134562.5,134750,123729.5,134354,134396,141416.5",1,"1,1,1,1,1,1",checked-ok
sgemm,N,N,37,m256_n512_k768,256,512,768,Zynum,1544.211636,130375,146062.75,162167,175042,30,6,"143625,147750,135395.5,144375.5,149291.5,152228.5",1,"1,1,1,1,1,1",checked-ok
sgemm,N,N,38,m768_n512_k256,768,512,256,Zynum,1808.328097,111333,123812.5,137458,141708,30,6,"123729,124562.5,116562,114938,123896,129479.5",1,"1,1,1,1,1,1",checked-ok
sgemm,N,N,39,m512_n768_k256,512,768,256,Zynum,1706.157559,118000,128104.5,149083,161000,30,6,"133541.5,132146,121895.5,120958,124063,138041.5",1,"1,1,1,1,1,1",checked-ok
sgemm,N,N,40,m384_n640_k96,384,640,96,Zynum,1068.612484,44156.25,45325.4375,83031.25,88375,30,6,"45484.25,52229.25,45166.625,44885.375,45130.25,50666.75",4,"4,4,4,4,4,2",checked-ok
sgemm,N,N,41,m640_n384_k96,640,384,96,Zynum,1174.443746,40177.25,41002.5625,45635.25,51427.25,30,6,"41057.25,40755.25,40947.875,40812.5,41151.125,44635.375",4,"4,4,4,4,4,4",checked-ok
dgemm,N,N,0,m1_n1_k1,1,1,1,Zynum,0.087110,22.9593505859375,23.279815673828125,24.2412109375,24.6429443359375,30,6,"23.2391357421875,22.96697998046875,23.58502197265625,23.32049560546875,23.0509033203125,23.6180419921875",8192,"8192,8192,8192,8192,8192,8192",checked-ok
dgemm,N,N,1,m8_n8_k8,8,8,8,Zynum,5.694914,179.8095703125,182.932373046875,198.2421875,198.8525390625,30,6,"182.71875,183.14599609375,182.5361328125,180.705078125,193.0751953125,192.7080078125",1024,"1024,1024,1024,1024,512,1024",checked-ok
dgemm,N,N,2,m31_n31_k31,31,31,31,Zynum,34.824183,1710.9375,1747.7265625,1799.484375,1833.34375,30,6,"1753.2578125,1741.2109375,1750.328125,1748.375,1739.578125,1747.078125",64,"64,64,64,64,64,64",checked-ok
dgemm,N,N,3,m33_n33_k33,33,33,33,Zynum,34.200268,2101.5625,2181.3203125,2226.5625,2283.84375,30,6,"2181.3203125,2181.9609375,2182.296875,2181.3203125,2180.34375,2106.125",64,"64,64,64,64,64,64",checked-ok
dgemm,N,N,4,sq64,64,64,64,Zynum,109.446129,4790.375,4843.421875,5493.5,5505.21875,30,6,"4809.890625,4847,4835.9375,4897.796875,4839.84375,5414.703125",32,"32,32,32,32,32,32",checked-ok
dgemm,N,N,5,sq96,96,96,96,Zynum,172.939331,10231.75,10444.015625,12033.875,12130.1875,30,6,"10266.9375,10393.21875,11410.15625,10414.0625,10473.96875,11600.28125",16,"16,16,16,16,16,16",checked-ok
dgemm,N,N,6,sq128,128,128,128,Zynum,214.920301,19515.625,21244.8125,21916.75,21942.75,30,6,"21255.25,21234.375,21119.75,19554.6875,21471.3125,21450.5625",8,"8,8,8,8,8,8",checked-ok
dgemm,N,N,7,sq192,192,192,192,Zynum,298.802660,47375,50078.125,55771,58604,30,6,"50291.5,49823,49968.75,49729,50187.5,50406.375",2,"2,2,2,2,2,4",checked-ok
dgemm,N,N,8,sq256,256,256,256,Zynum,371.794260,90250,91359.5,93229,93604,30,6,"91156.25,91343.75,91354.25,91562.5,91364.75,91448",2,"2,2,2,2,2,2",checked-ok
dgemm,N,N,9,sq384,384,384,384,Zynum,509.640553,222208,229385.5,244709,247459,30,6,"225916.5,230292,228875,225520.5,230062.5,229896",1,"1,1,1,1,1,1",checked-ok
dgemm,N,N,10,sq512,512,512,512,Zynum,527.421626,508958,531041.75,561041,619834,30,6,"524250,538416.5,524812.5,549270.5,537271,524125.5",1,"1,1,1,1,1,1",checked-ok
dgemm,N,N,11,sq768,768,768,768,Zynum,559.859835,1618208,1968614.5,2259166,2288791,30,6,"1696500,1894646,2004208.5,2014812.5,1933020.5,2046104",1,"1,1,1,1,1,1",checked-ok
dgemm,N,N,12,sq1024,1024,1024,1024,Zynum,556.547077,3858584,4614969,6153584,6183416,30,6,"3989062.5,4610583.5,4619354.5,4532625,5481417,5604542",1,"1,1,1,1,1,1",checked-ok
dgemm,N,N,13,m63_n65_k17,63,65,17,Zynum,37.783865,3684.90625,4192.3828125,4958.34375,4967.46875,30,6,"4197.265625,3944.65625,3712.25,4187.5,4879.546875,4500",32,"32,32,32,32,32,32",checked-ok
dgemm,N,N,14,m65_n63_k33,65,63,33,Zynum,38.239892,7067.75,7498.71875,8945.3125,8953.125,30,6,"7509.125,7511.71875,7091.1875,7484.375,8748.6875,7488.3125",16,"16,16,16,16,16,16",checked-ok
dgemm,N,N,15,m127_n129_k31,127,129,31,Zynum,41.796807,24302,25822.875,35927.25,39906.25,30,6,"24536.5,25822.875,24364.5,25979.25,30010.375,25822.875",4,"4,4,4,4,4,4",checked-ok
dgemm,N,N,16,m129_n127_k33,129,127,33,Zynum,42.982480,25156.25,26380.1875,28531.25,29760.5,30,6,"25229.25,27916.75,26390.5,25401,28005.25,26369.875",4,"4,4,4,4,4,4",checked-ok
dgemm,N,N,17,m1_n4096_k256,1,4096,256,Zynum,120.410929,17416.625,17856.75,19796.875,20140.625,30,6,"17515.625,19203.125,17421.875,17427,19208.375,18197.875",8,"8,8,8,8,8,8",checked-ok
dgemm,N,N,18,m4096_n1_k256,4096,1,256,Zynum,202.950603,10333.3125,10945.328125,11914.0625,12846.375,30,6,"10744.78125,11203.125,10731.78125,10703.125,11145.875,11345.0625",16,"16,16,16,16,16,16",checked-ok
dgemm,N,N,19,m1024_n64_k1024,1024,64,1024,Zynum,456.200131,294208,304760.75,341208,342375,30,6,"296396,305729.5,303792,303146,338208,320312.5",1,"1,1,1,1,1,1",checked-ok
dgemm,N,N,20,m2048_n64_k512,2048,64,512,Zynum,458.798149,292542,294302.25,379875,381209,30,6,"293833.5,293916.5,294062.5,294542,307666.5,372375",1,"1,1,1,1,1,1",checked-ok
dgemm,N,N,21,m4096_n32_k256,4096,32,256,Zynum,454.334660,147708,151500,198750,200083,30,6,"148583,151833.5,151166.5,151125,167333.5,191812.5",1,"1,1,1,1,1,1",checked-ok
dgemm,N,N,22,m2048_n17_k257,2048,17,257,Zynum,375.018709,47718.75,50052.125,61000,61000,30,6,"49906.25,47989.5,48072.75,50198,56812.5,60385.25",4,"2,4,4,2,2,2",checked-ok
dgemm,N,N,23,m512_n64_k2048,512,64,2048,Zynum,426.878089,314417,327968.5,392625,397625,30,6,"318062.5,327458,318875.5,328479,342916,386666.5",1,"1,1,1,1,1,1",checked-ok
dgemm,N,N,24,m64_n1024_k1024,64,1024,1024,Zynum,340.257740,394459,421489.5,474458,479375,30,6,"406375,425729,420666.5,407375,422312.5,453937.5",1,"1,1,1,1,1,1",checked-ok
dgemm,N,N,25,m64_n2048_k512,64,2048,512,Zynum,383.022878,350417,379000.25,418500,436333,30,6,"368500.5,404521,378729.5,372395.5,399271,379271",1,"1,1,1,1,1,1",checked-ok
dgemm,N,N,26,m32_n4096_k256,32,4096,256,Zynum,208.926502,321208,353823,393333,398291,30,6,"345708,385313,360937.5,357291.5,349229,350354.5",1,"1,1,1,1,1,1",checked-ok
dgemm,N,N,27,m17_n2048_k257,17,2048,257,Zynum,81.590203,219333,234093.75,278375,504000,30,6,"225000.5,226521,245916.5,242521,227520.5,240667",1,"1,1,1,1,1,1",checked-ok
dgemm,N,N,28,m64_n512_k2048,64,512,2048,Zynum,331.026634,405459,440667,470500,473416,30,6,"427666.5,432187.5,445229.5,439542,441792,447271",1,"1,1,1,1,1,1",checked-ok
dgemm,N,N,29,m1024_n1024_k64,1024,1024,64,Zynum,475.598594,282208,330666.75,346875,350166,30,6,"330125,327083,326875,331208.5,334500,341645.5",1,"1,1,1,1,1,1",checked-ok
dgemm,N,N,30,m1024_n1024_k128,1024,1024,128,Zynum,501.631312,535125,595635.75,664917,671083,30,6,"589395.5,597375.5,593896,588271,626375.5,647771",1,"1,1,1,1,1,1",checked-ok
dgemm,N,N,31,m1024_n1024_k256,1024,1024,256,Zynum,489.027405,1097834,1168697.75,1426750,1452417,30,6,"1123500,1142791,1162937.5,1174458,1302625,1224041.5",1,"1,1,1,1,1,1",checked-ok
dgemm,N,N,32,m256_n256_k2048,256,256,2048,Zynum,478.707902,560750,581489.75,686583,747750,30,6,"575021,581709,577062.5,581270.5,632854.5,673687.5",1,"1,1,1,1,1,1",checked-ok
dgemm,N,N,33,m128_n128_k4096,128,128,4096,Zynum,357.199542,375750,402416.75,473792,474833,30,6,"394458,390958,401187.5,403646,453333.5,469417",1,"1,1,1,1,1,1",checked-ok
dgemm,N,N,34,m1536_n256_k256,1536,256,256,Zynum,543.146792,370667,404177,511459,551125,30,6,"394688,397229,384813,411125,447458,436625",1,"1,1,1,1,1,1",checked-ok
dgemm,N,N,35,m256_n1536_k256,256,1536,256,Zynum,487.326093,413125,462802,523167,537584,30,6,"462979,417937.5,462250,462625,480604,497104",1,"1,1,1,1,1,1",checked-ok
dgemm,N,N,36,m512_n256_k768,512,256,768,Zynum,502.478597,400667,447250,515875,516000,30,6,"433833.5,435562.5,434000,458937.5,484333.5,505687.5",1,"1,1,1,1,1,1",checked-ok
dgemm,N,N,37,m256_n512_k768,256,512,768,Zynum,475.527823,423375,479958.25,523166,525875,30,6,"448646,469375,464875,490541.5,508895.5,506645.5",1,"1,1,1,1,1,1",checked-ok
dgemm,N,N,38,m768_n512_k256,768,512,256,Zynum,488.903602,411792,464093.5,493584,497167,30,6,"440250,435021,444520.5,490292,484687,483666.5",1,"1,1,1,1,1,1",checked-ok
dgemm,N,N,39,m512_n768_k256,512,768,256,Zynum,490.043648,410834,467365,544459,544541,30,6,"435916,457937.5,458896.5,475833.5,509500.5,514250",1,"1,1,1,1,1,1",checked-ok
dgemm,N,N,40,m384_n640_k96,384,640,96,Zynum,380.657475,123959,130604,147500,154042,30,6,"127479,129375,126166.5,131833,140396,140291.5",1,"1,1,1,1,1,1",checked-ok
dgemm,N,N,41,m640_n384_k96,640,384,96,Zynum,419.743809,112416,122333.25,128541,132375,30,6,"112999.5,119291.5,119375,125520.5,125437.5,125291.5",1,"1,1,1,1,1,1",checked-ok
cgemm,N,N,0,m1_n1_k1,1,1,1,Zynum,0.312201,25.62451171875,25.81781005859375,28.828857421875,28.828857421875,30,6,"25.8076171875,25.8280029296875,25.797607421875,26.0518798828125,25.6552734375,27.39453125",4096,"4096,4096,4096,4096,4096,4096",checked-ok
cgemm,N,N,1,m8_n8_k8,8,8,8,Zynum,60.295475,67.93212890625,69.06640625,71.2890625,72.44873046875,30,6,"69.061279296875,68.17626953125,69.0205078125,69.071533203125,69.203857421875,71.0654296875",2048,"2048,2048,2048,2048,2048,2048",checked-ok
cgemm,N,N,2,m31_n31_k31,31,31,31,Zynum,50.885711,4683.59375,4687.5,4783.84375,5166.65625,30,6,"4686.1875,4688.78125,4688.15625,4687.5,4687.5,4686.859375",32,"32,32,32,32,32,32",checked-ok
cgemm,N,N,3,m33_n33_k33,33,33,33,Zynum,57.439606,5005.1875,5011.078125,5230.46875,5233.09375,30,6,"5011.078125,5013.671875,5011.078125,5011.078125,5099.609375,5009.125",32,"32,32,32,32,32,32",checked-ok
cgemm,N,N,4,sq64,64,64,64,Zynum,248.781702,8429.6875,8715.5,9054.6875,9070.3125,30,6,"8726.5625,8550.78125,8778.65625,8704.4375,8738.25,8583.3125",16,"16,16,16,16,16,16",checked-ok
cgemm,N,N,5,sq96,96,96,96,Zynum,403.011416,17562.5,17932.28125,20432.25,21838.5,30,6,"17625,17864.5625,18000,18281.25,20276,17783.8125",8,"8,8,8,8,8,8",checked-ok
cgemm,N,N,6,sq128,128,128,128,Zynum,505.688157,33177,34208.375,36552,37177,30,6,"33546.875,35635.5,33562.5,34854.25,35802.125,33562.5",4,"4,4,4,4,4,4",checked-ok
cgemm,N,N,7,sq192,192,192,192,Zynum,607.625529,93187.5,102073,110666,114709,30,6,"105875,105083,101354,94406.25,102792,100416.5",2,"1,1,1,2,1,1",checked-ok
cgemm,N,N,8,sq256,256,256,256,Zynum,805.507745,166625,172791.25,193459,193542,30,6,"171938,172354,173250,173228.5,187041.5,168771",1,"1,1,1,1,1,1",checked-ok
cgemm,N,N,9,sq384,384,384,384,Zynum,1227.045841,369167,405812.5,429167,438250,30,6,"406895.5,409541.5,391124.5,409458.5,403521,404729.5",1,"1,1,1,1,1,1",checked-ok
cgemm,N,N,10,sq512,512,512,512,Zynum,1550.341654,692584,723927,780083,788333,30,6,"716104,723749.5,713083.5,759250,758604,724104.5",1,"1,1,1,1,1,1",checked-ok
cgemm,N,N,11,sq768,768,768,768,Zynum,1929.947924,1877708,2115625,2902584,2916416,30,6,"2114583,2009000.5,2116667,2538771,2015916.5,2832604",1,"1,1,1,1,1,1",checked-ok
cgemm,N,N,12,sq1024,1024,1024,1024,Zynum,1914.831608,4486000,5161166.5,6578042,6597375,30,6,"4584041,5115750,5140437.5,5181895.5,6446521,6428937",1,"1,1,1,1,1,1",checked-ok
cgemm,N,N,13,m63_n65_k17,63,65,17,Zynum,57.104626,9752.625,11891.921875,15479.125,15479.125,30,6,"12317.71875,10177.09375,9763,15093.75,12332.03125,11466.125",16,"16,16,16,8,16,16",checked-ok
cgemm,N,N,14,m65_n63_k33,65,63,33,Zynum,88.590423,12203.125,14459.625,18526.125,18906.25,30,6,"14945.3125,12671.875,12268.1875,17406.25,16059.9375,13973.9375",8,"8,8,8,8,8,8",checked-ok
cgemm,N,N,15,m127_n129_k31,127,129,31,Zynum,127.174909,31948,37010.5,44677,44802.25,30,6,"38031.375,34599,33338.5,43666.625,38057.25,35989.625",4,"4,4,4,4,4,4",checked-ok
cgemm,N,N,16,m129_n127_k33,129,127,33,Zynum,110.634360,39093.75,43789.0625,48010.5,48239.5,30,6,"42791.75,42937.5,39734.375,47375,47270.75,44640.625",4,"4,4,4,4,4,4",checked-ok
cgemm,N,N,17,m1_n4096_k256,1,4096,256,Zynum,250.094524,33541.75,41057.25,55739.75,112312.5,30,6,"40984.375,41250,41156.25,41130.125,40677.25,40734.375",4,"4,4,4,4,4,4",checked-ok
cgemm,N,N,18,m4096_n1_k256,4096,1,256,Zynum,127.664942,65708,86057.375,125208,137375,30,6,"94729.5,74458.5,77385.25,106396.5,98072.75,73802",1,"1,2,2,1,2,2",checked-ok
cgemm,N,N,19,m1024_n64_k1024,1024,64,1024,Zynum,715.470148,750375,793031.25,989042,997416,30,6,"772875,847604,768292,813187.5,972500,771396",1,"1,1,1,1,1,1",checked-ok
cgemm,N,N,20,m2048_n64_k512,2048,64,512,Zynum,746.734736,718958,803844,887834,914125,30,6,"759125,765875,735291.5,841813,849625,858145.5",1,"1,1,1,1,1,1",checked-ok
cgemm,N,N,21,m4096_n32_k256,4096,32,256,Zynum,437.755959,613208,652927,750334,786083,30,6,"643812.5,649937.5,630978.5,655916.5,723437.5,703458.5",1,"1,1,1,1,1,1",checked-ok
cgemm,N,N,22,m2048_n17_k257,2048,17,257,Zynum,273.952880,261292,285947.75,328125,345208,30,6,"284917,285479,272354,286416.5,324792,307416.5",1,"1,1,1,1,1,1",checked-ok
cgemm,N,N,23,m512_n64_k2048,512,64,2048,Zynum,708.194490,758084,842666.75,926125,1062292,30,6,"824542,795625,793333.5,875854,871917,860791.5",1,"1,1,1,1,1,1",checked-ok
cgemm,N,N,24,m64_n1024_k1024,64,1024,1024,Zynum,860.025490,624250,720145.75,774000,787958,30,6,"658417,742229,721771,654729,721145.5,719146",1,"1,1,1,1,1,1",checked-ok
cgemm,N,N,25,m64_n2048_k512,64,2048,512,Zynum,638.624939,840667,886916.75,1073417,1100208,30,6,"860896,932791.5,894063,879770.5,908708,877645.5",1,"1,1,1,1,1,1",checked-ok
cgemm,N,N,26,m32_n4096_k256,32,4096,256,Zynum,587.172834,457166,487958.5,517208,522083,30,6,"478854.5,480104,476417,505104,495813,497646",1,"1,1,1,1,1,1",checked-ok
cgemm,N,N,27,m17_n2048_k257,17,2048,257,Zynum,174.199890,410917,448427,465292,473083,30,6,"452166.5,447979,448875,446021,446833.5,450125",1,"1,1,1,1,1,1",checked-ok
cgemm,N,N,28,m64_n512_k2048,64,512,2048,Zynum,642.157825,836042,879156.25,936291,946125,30,6,"854521,880771,877541.5,865125,910791.5,889479",1,"1,1,1,1,1,1",checked-ok
cgemm,N,N,29,m1024_n1024_k64,1024,1024,64,Zynum,1058.829273,507042,542458.25,589042,595333,30,6,"532937.5,529500,531667,552020.5,551979,575062.5",1,"1,1,1,1,1,1",checked-ok
cgemm,N,N,30,m1024_n1024_k128,1024,1024,128,Zynum,1325.198178,810250,910041.75,1043834,1049709,30,6,"854917,889208.5,930875,840167,980729,978292",1,"1,1,1,1,1,1",checked-ok
cgemm,N,N,31,m1024_n1024_k256,1024,1024,256,Zynum,1610.058876,1333792,1426593.75,1737958,1742375,30,6,"1363812,1419875,1365833,1599042,1695437.5,1433312.5",1,"1,1,1,1,1,1",checked-ok
cgemm,N,N,32,m256_n256_k2048,256,256,2048,Zynum,1130.204585,950042,1041051.75,1307709,1310000,30,6,"1012854,1017020.5,1014541.5,1195562.5,1065083,1201562",1,"1,1,1,1,1,1",checked-ok
cgemm,N,N,33,m128_n128_k4096,128,128,4096,Zynum,268.648091,1998417,2230395.75,2750333,2826084,30,6,"2168542,2201479,2223083,2237708.5,2409208,2501167",1,"1,1,1,1,1,1",checked-ok
cgemm,N,N,34,m1536_n256_k256,1536,256,256,Zynum,1277.082268,630583,723083.5,820417,823208,30,6,"679584,683437.5,642666,762729.5,808437.5,763646.5",1,"1,1,1,1,1,1",checked-ok
cgemm,N,N,35,m256_n1536_k256,256,1536,256,Zynum,1201.277446,670375,772166.5,877417,892833,30,6,"760729,697083.5,766375,788208,777958,838541.5",1,"1,1,1,1,1,1",checked-ok
cgemm,N,N,36,m512_n256_k768,512,256,768,Zynum,1290.122968,624209,695396.25,821250,850875,30,6,"639666.5,674812.5,681542,709250.5,756375,795167",1,"1,1,1,1,1,1",checked-ok
cgemm,N,N,37,m256_n512_k768,256,512,768,Zynum,1348.452077,597208,705520.75,785458,802500,30,6,"685667,628604,657520.5,725374.5,769520.5,727062.5",1,"1,1,1,1,1,1",checked-ok
cgemm,N,N,38,m768_n512_k256,768,512,256,Zynum,1443.418665,557916,653406.25,734375,755417,30,6,"634250,571292,636791.5,680750.5,670021,717375",1,"1,1,1,1,1,1",checked-ok
cgemm,N,N,39,m512_n768_k256,512,768,256,Zynum,1355.734626,594000,658239.75,761792,772042,30,6,"623938,632062.5,663125,653354.5,734438,738416.5",1,"1,1,1,1,1,1",checked-ok
cgemm,N,N,40,m384_n640_k96,384,640,96,Zynum,821.070930,229875,252083.25,273042,303291,30,6,"233979,232271,257437.5,246729,261958.5,265521",1,"1,1,1,1,1,1",checked-ok
cgemm,N,N,41,m640_n384_k96,640,384,96,Zynum,851.796753,221583,236312.5,282458,300791,30,6,"224250,225354,252187,236146,251958.5,236479",1,"1,1,1,1,1,1",checked-ok
zgemm,N,N,0,m1_n1_k1,1,1,1,Zynum,0.300511,26.621337890625,29.22064208984375,32.96923828125,33.0302734375,30,6,"26.6673583984375,29.2308349609375,29.21044921875,29.2308349609375,28.6304931640625,29.398681640625",4096,"4096,4096,4096,4096,4096,4096",checked-ok
zgemm,N,N,1,m8_n8_k8,8,8,8,Zynum,9.758008,419.7578125,434.9765625,486.328125,493.00390625,30,6,"422.93359375,429.5234375,437.98828125,431.96484375,447.673828125,457.275390625",256,"256,256,256,256,256,256",checked-ok
zgemm,N,N,2,m31_n31_k31,31,31,31,Zynum,41.942310,5682.28125,6145.8125,6403.625,6403.625,30,6,"5908.84375,6140.625,6138.03125,6151,6213.53125,6156.25",32,"32,16,16,16,16,16",checked-ok
zgemm,N,N,3,m33_n33_k33,33,33,33,Zynum,47.018005,6114.59375,6407.53125,6867.1875,7020.875,30,6,"6768.21875,6301.4375,6316.390625,6415.34375,6424.5,6399.71875",32,"16,32,32,16,16,16",checked-ok
zgemm,N,N,4,sq64,64,64,64,Zynum,144.839692,14479.125,15976.5625,52682.25,221041.625,30,6,"14541.625,15953.125,16346.3125,17895.875,15994.75,15958.375",8,"8,8,8,8,8,8",checked-ok
zgemm,N,N,5,sq96,96,96,96,Zynum,186.413511,37968.75,39851.5625,41739.75,42260.5,30,6,"38520.75,40156.125,39687.5,39515.625,41114.5,40015.625",4,"4,4,4,4,4,4",checked-ok
zgemm,N,N,6,sq128,128,128,128,Zynum,201.831170,83125,95364.625,99375,99417,30,6,"97989.75,95010.5,96010.5,83281,95718.75,94802",2,"2,2,2,2,2,2",checked-ok
zgemm,N,N,7,sq192,192,192,192,Zynum,257.377745,220000,232916.5,244708,249500,30,6,"232208.5,232291.5,233208,232625,233291.5,233312.5",1,"1,1,1,1,1,1",checked-ok
zgemm,N,N,8,sq256,256,256,256,Zynum,332.324922,403875,412531.5,424291,432541,30,6,"412459,410583.5,413354.5,412229,417458,412604",1,"1,1,1,1,1,1",checked-ok
zgemm,N,N,9,sq384,384,384,384,Zynum,459.785986,985208,1072239.75,1138000,1155375,30,6,"1000583,1081833.5,1121791.5,996771,1069208.5,1075271",1,"1,1,1,1,1,1",checked-ok
zgemm,N,N,10,sq512,512,512,512,Zynum,509.919620,2105708,2281969,2680792,2823917,30,6,"2153625,2332000,2231938,2449250,2615750,2216062.5",1,"1,1,1,1,1,1",checked-ok
zgemm,N,N,11,sq768,768,768,768,Zynum,556.250430,6514833,7563552.25,9357625,9525917,30,6,"7393417,6979854.5,7733687.5,8289458.5,7269000,9087166.5",1,"1,1,1,1,1,1",checked-ok
zgemm,N,N,12,sq1024,1024,1024,1024,Zynum,597.541629,14375458,16734833.5,20274667,20314208,30,6,"15210208.5,16305354,17044854.5,16424812.5,18499354,18946562",1,"1,1,1,1,1,1",checked-ok
zgemm,N,N,13,m63_n65_k17,63,65,17,Zynum,38.243433,14562.5,17869.75,23822.875,27859.375,30,6,"20770.875,16666.625,14572.875,23354.125,19072.875,15750",8,"8,8,8,8,8,8",checked-ok
zgemm,N,N,14,m65_n63_k33,65,63,33,Zynum,55.013994,19651,24994.84375,34218.75,34354.25,30,6,"27291.75,22697.9375,19880.25,33823,27661.5,21687.5",8,"4,8,8,4,4,8",checked-ok
zgemm,N,N,15,m127_n129_k31,127,129,31,Zynum,108.617784,37406.25,60442.875,79291.5,87916.5,30,6,"60427.25,38036.5,61031.5,60458.5,60635.25,60250",4,"2,4,2,2,2,2",checked-ok
zgemm,N,N,16,m129_n127_k33,129,127,33,Zynum,109.381586,39541.5,64708.25,65479.5,91000,30,6,"64416.5,39948,65302.25,65052.25,40307.25,65000",2,"2,2,2,2,4,2",checked-ok
zgemm,N,N,17,m1_n4096_k256,1,4096,256,Zynum,92.948565,90250,145187.25,176750,207459,30,6,"154041,140999.5,95375,155833,93729,149375",1,"1,1,1,1,1,1",checked-ok
zgemm,N,N,18,m4096_n1_k256,4096,1,256,Zynum,72.134007,116292,131135.25,147125,150417,30,6,"120145.5,130875,131395.5,120708,142354.5,136375",1,"1,1,1,1,1,1",checked-ok
zgemm,N,N,19,m1024_n64_k1024,1024,64,1024,Zynum,280.502974,1913958,2051291.5,2277333,2294250,30,6,"1951604,2160875,2014166.5,2088416.5,2157854,1930000",1,"1,1,1,1,1,1",checked-ok
zgemm,N,N,20,m2048_n64_k512,2048,64,512,Zynum,283.452485,1894042,1962125.25,2164250,2218916,30,6,"1962938,1944479.5,1961312.5,2141292,1911209,2140791.5",1,"1,1,1,1,1,1",checked-ok
zgemm,N,N,21,m4096_n32_k256,4096,32,256,Zynum,182.464299,1471167,1544906.25,1797750,1815041,30,6,"1483833.5,1563729,1523729,1526083.5,1631833,1701646",1,"1,1,1,1,1,1",checked-ok
zgemm,N,N,22,m2048_n17_k257,2048,17,257,Zynum,126.302066,566750,611270.75,700584,704167,30,6,"578646,618104,572854,604437.5,656229,618541.5",1,"1,1,1,1,1,1",checked-ok
zgemm,N,N,23,m512_n64_k2048,512,64,2048,Zynum,263.327947,2038792,2260124.75,2423083,2433792,30,6,"2069167,2073833.5,2309791.5,2300666.5,2219583,2368687.5",1,"1,1,1,1,1,1",checked-ok
zgemm,N,N,24,m64_n1024_k1024,64,1024,1024,Zynum,242.365967,2215125,2440541.75,2592292,2613958,30,6,"2291374.5,2427750,2453333.5,2278458.5,2529395.5,2526125",1,"1,1,1,1,1,1",checked-ok
zgemm,N,N,25,m64_n2048_k512,64,2048,512,Zynum,252.071835,2129833,2253635.75,2578250,2597625,30,6,"2188667,2279167,2291000,2193375,2543354,2228104.5",1,"1,1,1,1,1,1",checked-ok
zgemm,N,N,26,m32_n4096_k256,32,4096,256,Zynum,221.321617,1212875,1405114.75,1650917,1738625,30,6,"1347750.5,1321541.5,1489875,1308124.5,1462479,1571417",1,"1,1,1,1,1,1",checked-ok
zgemm,N,N,27,m17_n2048_k257,17,2048,257,Zynum,99.332796,720625,773749.75,920834,949416,30,6,"764083,807312.5,764500,782999.5,763562.5,851146",1,"1,1,1,1,1,1",checked-ok
zgemm,N,N,28,m64_n512_k2048,64,512,2048,Zynum,229.775695,2336500,2436104.25,2666208,2677666,30,6,"2391500,2387666.5,2477916.5,2394292,2620646,2480396",1,"1,1,1,1,1,1",checked-ok
zgemm,N,N,29,m1024_n1024_k64,1024,1024,64,Zynum,383.205505,1401000,1472333.5,1834500,1838834,30,6,"1463875,1445521,1466479.5,1478187.5,1536708,1801229",1,"1,1,1,1,1,1",checked-ok
zgemm,N,N,30,m1024_n1024_k128,1024,1024,128,Zynum,463.986317,2314167,2584604,3431959,3434458,30,6,"2345875,2455125,2714083,2355812.5,3079334,3396229",1,"1,1,1,1,1,1",checked-ok
zgemm,N,N,31,m1024_n1024_k256,1024,1024,256,Zynum,528.920575,4060125,4636792,6512000,6557208,30,6,"4498020.5,4488812.5,4535313,5925312.5,5982229.5,4738271",1,"1,1,1,1,1,1",checked-ok
zgemm,N,N,32,m256_n256_k2048,256,256,2048,Zynum,381.492194,2814584,3116562.25,3895292,3903583,30,6,"3001083.5,2877333,3210729,3803667,3022395.5,3480500",1,"1,1,1,1,1,1",checked-ok
zgemm,N,N,33,m128_n128_k4096,128,128,4096,Zynum,258.660295,2075583,2436854.5,3195583,3207333,30,6,"2086187.5,2440291.5,2436896,2174291.5,2436813,2843333.5",1,"1,1,1,1,1,1",checked-ok
zgemm,N,N,34,m1536_n256_k256,1536,256,256,Zynum,477.089103,1687958,1982968.5,2280042,2362750,30,6,"1715146,2097916.5,1751020.5,2104583.5,2247250,1868020.5",1,"1,1,1,1,1,1",checked-ok
zgemm,N,N,35,m256_n1536_k256,256,1536,256,Zynum,422.575950,1905708,2076697.75,2454625,2477834,30,6,"2014333.5,1987500,2129124.5,2419687.5,2024271,2265104.5",1,"1,1,1,1,1,1",checked-ok
zgemm,N,N,36,m512_n256_k768,512,256,768,Zynum,451.637062,1783083,2170781.25,2689584,2703250,30,6,"1817833.5,2103854,2243312,1992459,2237708.5,2421583",1,"1,1,1,1,1,1",checked-ok
zgemm,N,N,37,m256_n512_k768,256,512,768,Zynum,414.287623,1943834,2157635.5,2521083,2521125,30,6,"2077583.5,2216458,1982812,2318521,2480250,2098813",1,"1,1,1,1,1,1",checked-ok
zgemm,N,N,38,m768_n512_k256,768,512,256,Zynum,472.447360,1704542,1991271,2280334,2283500,30,6,"1987917,1794562.5,1994625,2120187.5,1902312.5,2109666.5",1,"1,1,1,1,1,1",checked-ok
zgemm,N,N,39,m512_n768_k256,512,768,256,Zynum,464.800765,1732584,2096698,2560167,2564584,30,6,"1774687,2023396,2170000,1943021,2175333.5,2323479",1,"1,1,1,1,1,1",checked-ok
zgemm,N,N,40,m384_n640_k96,384,640,96,Zynum,334.109284,564916,609593.75,695334,1009042,30,6,"598562.5,598312.5,574354,640313,682624.5,620625",1,"1,1,1,1,1,1",checked-ok
zgemm,N,N,41,m640_n384_k96,640,384,96,Zynum,345.842749,545750,578729,624792,626375,30,6,"578666.5,549521,548916.5,615187,617229,578791.5",1,"1,1,1,1,1,1",checked-ok
sgemm,N,N,0,m1_n1_k1,1,1,1,Accelerate,0.110796,18.0511474609375,19.2286376953125,38.320068359375,38.360595703125,30,6,"31.982421875,18.06134033203125,18.3995361328125,18.549560546875,20.7620849609375,19.90771484375",8192,"4096,8192,8192,8192,8192,8192",checked-ok
sgemm,N,N,1,m8_n8_k8,8,8,8,Accelerate,19.358386,52.89697265625,53.3955078125,130.77734375,130.7783203125,30,6,"107.7880859375,53.070068359375,53.5888671875,52.978515625,53.2021484375,55.91845703125",2048,"1024,2048,2048,2048,2048,2048",checked-ok
sgemm,N,N,2,m31_n31_k31,31,31,31,Accelerate,215.589993,276.3671875,283.447265625,304.19921875,323.2421875,30,6,"277.75,285.64453125,280.638671875,281.25,287.6376953125,299.6826171875",512,"512,512,512,512,512,512",checked-ok
sgemm,N,N,3,m33_n33_k33,33,33,33,Accelerate,177.275166,405.4375,437.7431640625,457.84375,470.21484375,30,6,"409.26171875,424.88671875,442.544921875,432.94140625,447.916015625,447.75390625",256,"256,256,256,256,256,256",checked-ok
sgemm,N,N,4,sq64,64,64,64,Accelerate,1091.564896,480.30859375,500.650390625,521.6484375,554.19921875,30,6,"493.32421875,495.1171875,481.12109375,506.267578125,506.18359375,519.20703125",256,"256,256,256,256,256,256",checked-ok
sgemm,N,N,5,sq96,96,96,96,Accelerate,1509.114397,1172.5234375,1218.26171875,1451.5,1875,30,6,"1213.8671875,1227.8671875,1212.23828125,1173.98828125,1222.65625,1285.80859375",128,"128,128,128,128,128,128",checked-ok
sgemm,N,N,6,sq128,128,128,128,Accelerate,1314.249479,3191.40625,3356.765625,3750,3845.0625,30,6,"3359.375,3345.046875,3354.15625,3195.3125,3424.46875,3502.609375",32,"32,32,32,32,32,32",checked-ok
sgemm,N,N,7,sq192,192,192,192,Accelerate,1825.948001,7752.5625,8031.25,8671.875,8716.125,30,6,"8020.875,8041.625,8007.8125,8065.125,7757.8125,8406.25",16,"16,16,16,16,16,16",checked-ok
sgemm,N,N,8,sq256,256,256,256,Accelerate,1654.455815,20281.25,20828.125,25724,30088.5,30,6,"20385.375,20828.125,20828.125,21992.1875,20388,21984.375",8,"8,8,8,8,8,8",checked-ok
sgemm,N,N,9,sq384,384,384,384,Accelerate,1677.721600,67500,67937.5,71166.5,72458.5,30,6,"67989.75,67917,67937.5,67937.5,67937.5,67875",2,"2,2,2,2,2,2",checked-ok
sgemm,N,N,10,sq512,512,512,512,Accelerate,1536.111336,174750,176166.25,181917,182333,30,6,"175708.5,179166,175729.5,176291,179604.5,176041.5",1,"1,1,1,1,1,1",checked-ok
sgemm,N,N,11,sq768,768,768,768,Accelerate,1800.831797,503084,504635.25,786875,815083,30,6,"503729.5,504792,510146,530083.5,504271,504478.5",1,"1,1,1,1,1,1",checked-ok
sgemm,N,N,12,sq1024,1024,1024,1024,Accelerate,1924.770391,1115709,1207739.5,1480166,1527000,30,6,"1119833.5,1169291.5,1318375.5,1246187.5,1167103.5,1415791.5",1,"1,1,1,1,1,1",checked-ok
sgemm,N,N,13,m63_n65_k17,63,65,17,Accelerate,243.365880,572.1015625,659.259765625,738.12109375,740.72265625,30,6,"579.9140625,659.50390625,659.50390625,620.1171875,659.015625,707.111328125",256,"256,256,256,256,256,256",checked-ok
sgemm,N,N,14,m65_n63_k33,65,63,33,Accelerate,345.513708,782.2265625,943.521484375,1084.3125,1091.796875,30,6,"917.15625,1062.01171875,969.88671875,1021.64453125,868,895.671875",128,"128,128,128,128,128,128",checked-ok
sgemm,N,N,15,m127_n129_k31,127,129,31,Accelerate,491.239923,2067.71875,2266.76953125,2408.203125,2503.25,30,6,"2072.265625,2352.8671875,2360.03125,2175.125,2321.2890625,2212.25",64,"64,64,64,64,64,64",checked-ok
sgemm,N,N,16,m129_n127_k33,129,127,33,Accelerate,427.720728,2528,2697.42578125,2865.234375,2924.46875,30,6,"2548.8203125,2859.046875,2852.21875,2695.6328125,2531.90625,2699.21875",64,"64,64,64,64,64,64",checked-ok
sgemm,N,N,17,m1_n4096_k256,1,4096,256,Accelerate,217.297526,9651.0625,9764.328125,11255.25,12250,30,6,"9656.25,10950.5625,10903.625,9828.125,9700.53125,9677.0625",16,"16,16,16,16,16,16",checked-ok
sgemm,N,N,18,m4096_n1_k256,4096,1,256,Accelerate,422.179846,4967.4375,5016.9296875,6339.84375,8588.53125,30,6,"4970.0625,5308.59375,5514.3125,5003.90625,5007.8125,5026.046875",32,"32,32,32,32,32,32",checked-ok
sgemm,N,N,19,m1024_n64_k1024,1024,64,1024,Accelerate,1668.596463,80437.5,81833.375,88646,89833.5,30,6,"81854.25,85812.5,86510.5,81812.5,81750,80833.25",2,"2,2,2,2,2,2",checked-ok
sgemm,N,N,20,m2048_n64_k512,2048,64,512,Accelerate,1718.899998,78083.5,81432.375,88458.5,93187.5,30,6,"78458.25,84770.75,85218.75,81781.25,79750,81083.5",2,"2,2,2,2,2,2",checked-ok
sgemm,N,N,21,m4096_n32_k256,4096,32,256,Accelerate,1681.662998,39906.25,41002.625,47146,49375,30,6,"40000,41145.875,42348.875,40859.375,42244.75,40786.5",4,"4,4,4,4,4,4",checked-ok
sgemm,N,N,22,m2048_n17_k257,2048,17,257,Accelerate,922.147452,19406.25,19731.8125,21078.125,21421.875,30,6,"19984.375,19437.5,19466.1875,19895.875,19567.75,20294.25",8,"8,8,8,8,8,8",checked-ok
sgemm,N,N,23,m512_n64_k2048,512,64,2048,Accelerate,1669.893972,80375,82000,84562.5,86271,30,6,"81510.25,82145.75,81854.25,80906.25,82666.75,82448",2,"2,2,2,2,2,2",checked-ok
sgemm,N,N,24,m64_n1024_k1024,64,1024,1024,Accelerate,1109.237421,121000,122083,133542,133750,30,6,"121541,122083,131104.5,121583,122083,122166",1,"1,1,1,1,1,1",checked-ok
sgemm,N,N,25,m64_n2048_k512,64,2048,512,Accelerate,1100.145311,122000,127802,135792,140042,30,6,"122209,131479.5,130937.5,130958,124666.5,122250",1,"1,1,1,1,1,1",checked-ok
sgemm,N,N,26,m32_n4096_k256,32,4096,256,Accelerate,898.528723,74687.5,79979.25,83396,88604,30,6,"79906.25,80000,79979,79979.5,80062.5,74750",2,"2,2,2,2,2,2",checked-ok
sgemm,N,N,27,m17_n2048_k257,17,2048,257,Accelerate,429.061972,41708.25,47671.875,48593.75,48927.25,30,6,"41729,47687.5,47812.5,47656.25,47687.5,41781.25",4,"4,4,4,4,4,4",checked-ok
sgemm,N,N,28,m64_n512_k2048,64,512,2048,Accelerate,1100.515157,121959,131187.5,133833,134666,30,6,"122042,131542,131208,131375,131167,124250",1,"1,1,1,1,1,1",checked-ok
sgemm,N,N,29,m1024_n1024_k64,1024,1024,64,Accelerate,1064.510390,126084,134656,142167,151875,30,6,"129604.5,137562.5,135917,134833,134479,126666.5",1,"1,1,1,1,1,1",checked-ok
sgemm,N,N,30,m1024_n1024_k128,1024,1024,128,Accelerate,1248.049395,215084,221375.5,240584,244167,30,6,"222875.5,217750,219875.5,231979,218229.5,224583.5",1,"1,1,1,1,1,1",checked-ok
sgemm,N,N,31,m1024_n1024_k256,1024,1024,256,Accelerate,1509.476314,355667,361875.25,411459,427416,30,6,"361416,359708,361854.5,362416.5,371395.5,361896",1,"1,1,1,1,1,1",checked-ok
sgemm,N,N,32,m256_n256_k2048,256,256,2048,Accelerate,1449.372900,185208,186156.5,211084,217958,30,6,"185416.5,185625,198917,185625,186688,208479.5",1,"1,1,1,1,1,1",checked-ok
sgemm,N,N,33,m128_n128_k4096,128,128,4096,Accelerate,1403.584084,95625,95906.25,109666,109792,30,6,"96375,95875,95708,95667,95937.5,109583",1,"1,1,1,1,1,1",checked-ok
sgemm,N,N,34,m1536_n256_k256,1536,256,256,Accelerate,1555.654571,129416,136072.75,143708,143833,30,6,"133250,141270.5,130125,130792,138895.5,140937.5",1,"1,1,1,1,1,1",checked-ok
sgemm,N,N,35,m256_n1536_k256,256,1536,256,Accelerate,1523.285807,132166,140666.75,151875,152958,30,6,"140625,132250,140708.5,142083,132229.5,149958",1,"1,1,1,1,1,1",checked-ok
sgemm,N,N,36,m512_n256_k768,512,256,768,Accelerate,1579.032094,127500,137041.25,147750,149917,30,6,"136563,137166.5,128312.5,137292,136916,144229",1,"1,1,1,1,1,1",checked-ok
sgemm,N,N,37,m256_n512_k768,256,512,768,Accelerate,1643.482384,122500,131499.75,139333,160250,30,6,"131812.5,131208,131791.5,123583,131208,133417",1,"1,1,1,1,1,1",checked-ok
sgemm,N,N,38,m768_n512_k256,768,512,256,Accelerate,1651.910498,121875,126427,140666,145125,30,6,"130374.5,122312.5,130396,122479.5,122271,138750",1,"1,1,1,1,1,1",checked-ok
sgemm,N,N,39,m512_n768_k256,512,768,256,Accelerate,1447.955237,139042,143948.25,159833,162958,30,6,"144042,143854.5,140000,141271,150124.5,158604",1,"1,1,1,1,1,1",checked-ok
sgemm,N,N,40,m384_n640_k96,384,640,96,Accelerate,1326.844851,35562.5,35617.1875,40197.75,41052,30,6,"35588.625,35593.75,35598.875,37968.75,35635.5,38927",4,"4,4,4,4,4,4",checked-ok
sgemm,N,N,41,m640_n384_k96,640,384,96,Accelerate,1350.986916,34927,35052.125,37968.75,38458.25,30,6,"35177,34948,35021,35083.25,34994.875,37286.5",4,"4,4,4,4,4,4",checked-ok
dgemm,N,N,0,m1_n1_k1,1,1,1,Accelerate,0.114042,17.537353515625,17.5426025390625,18.6614990234375,19.6075439453125,30,6,"18.315673828125,17.5426025390625,17.5426025390625,17.54248046875,17.547607421875,17.5426025390625",8192,"8192,8192,8192,8192,8192,8192",checked-ok
dgemm,N,N,1,m8_n8_k8,8,8,8,Accelerate,14.993044,68.29833984375,68.7000732421875,70.7802734375,71.6552734375,30,6,"68.78662109375,68.4814453125,69.3154296875,68.440673828125,69.223876953125,68.613525390625",2048,"2048,2048,2048,2048,2048,2048",checked-ok
dgemm,N,N,2,m31_n31_k31,31,31,31,Accelerate,156.810050,379.962890625,398.6015625,424.4765625,426.109375,30,6,"397.4609375,398.6015625,380.453125,400.390625,398.6015625,400.146484375",512,"256,256,512,256,256,256",checked-ok
dgemm,N,N,3,m33_n33_k33,33,33,33,Accelerate,129.423453,555.33984375,563.8828125,575.03125,606.609375,30,6,"573.484375,562.98828125,559.896484375,563.96484375,572.0234375,563.80078125",256,"256,256,256,256,256,256",checked-ok
dgemm,N,N,4,sq64,64,64,64,Accelerate,354.213123,1480.1484375,1511.96484375,1528.3203125,1543.9453125,30,6,"1515.625,1505.203125,1527.01953125,1515.30078125,1508.62890625,1482.421875",128,"128,128,128,128,128,128",checked-ok
dgemm,N,N,5,sq96,96,96,96,Accelerate,450.881919,3924.46875,4088.546875,4174.46875,4238.28125,30,6,"4072.265625,4088.5625,4088.53125,4089.84375,4097.65625,3930.96875",32,"32,32,32,32,32,32",checked-ok
dgemm,N,N,6,sq128,128,128,128,Accelerate,433.892582,9666.6875,10003.90625,10291.6875,10398.4375,30,6,"10007.8125,10002.625,9989.5625,10121.09375,10005.1875,9684.90625",16,"16,16,16,16,16,16",checked-ok
dgemm,N,N,7,sq192,192,192,192,Accelerate,463.964078,30510.5,31703,32875,33406.25,30,6,"31739.75,31682.375,31708.25,31697.75,31718.75,30635.5",4,"4,4,4,4,4,4",checked-ok
dgemm,N,N,8,sq256,256,256,256,Accelerate,421.405739,79625,83114.625,140250,188750,30,6,"82958.25,83271,82666.75,84406.25,92531.25,81781.25",2,"2,2,2,2,2,2",checked-ok
dgemm,N,N,9,sq384,384,384,384,Accelerate,482.753334,234584,238593.5,248250,261208,30,6,"235583.5,235542,241520.5,235666.5,241542,241604",1,"1,1,1,1,1,1",checked-ok
dgemm,N,N,10,sq512,512,512,512,Accelerate,422.234300,635750,642729.5,939916,950834,30,6,"642750.5,641125,696958.5,642708.5,641938,645187.5",1,"1,1,1,1,1,1",checked-ok
dgemm,N,N,11,sq768,768,768,768,Accelerate,509.222041,1779125,1876687.75,2277250,2348708,30,6,"1790291.5,1865458.5,1887917,1976520.5,1888250,1810041.5",1,"1,1,1,1,1,1",checked-ok
dgemm,N,N,12,sq1024,1024,1024,1024,Accelerate,505.756399,4246083,4637802,6956750,6969000,30,6,"4418041.5,4629395.5,4902771,4644354,4631250,6070500.5",1,"1,1,1,1,1,1",checked-ok
dgemm,N,N,13,m63_n65_k17,63,65,17,Accelerate,139.547252,997.7265625,1196.453125,1307.6171875,1315.1015625,30,6,"1295.25,1059.5703125,999.671875,1195.3125,1300.94140625,1197.59375",128,"128,128,128,128,128,128",checked-ok
dgemm,N,N,14,m65_n63_k33,65,63,33,Accelerate,179.633614,1504.5625,1579.265625,2009.109375,2013.671875,30,6,"1570.3125,1525.38671875,1588.21875,1569.65625,1958.65625,1649.4140625",64,"64,128,64,64,64,64",checked-ok
dgemm,N,N,15,m127_n129_k31,127,129,31,Accelerate,268.536050,3782.53125,3983.734375,4635.40625,4664.0625,30,6,"3864.59375,4067.71875,3899.75,3872.390625,4354.828125,4132.171875",32,"32,32,32,32,32,32",checked-ok
dgemm,N,N,16,m129_n127_k33,129,127,33,Accelerate,271.823021,3977.875,4422.203125,5411.4375,5416.6875,30,6,"4007.8125,4531.25,4623.703125,4011.71875,5181.640625,4313.15625",32,"32,32,32,32,32,32",checked-ok
dgemm,N,N,17,m1_n4096_k256,1,4096,256,Accelerate,125.593005,16698,17101.5625,20724,22781.25,30,6,"16755.25,17599,16796.875,16713.5,17406.25,19200.5",8,"8,8,8,8,8,8",checked-ok
dgemm,N,N,18,m4096_n1_k256,4096,1,256,Accelerate,212.145593,9885.4375,10507.796875,14822.9375,18252.625,30,6,"10026.0625,10791.625,10223.96875,10145.8125,10791.6875,12721.34375",16,"16,16,16,16,16,16",checked-ok
dgemm,N,N,19,m1024_n64_k1024,1024,64,1024,Accelerate,324.916308,413084,428604.25,479959,489916,30,6,"413791,428604,427417,428604.5,449938,454479",1,"1,1,1,1,1,1",checked-ok
dgemm,N,N,20,m2048_n64_k512,2048,64,512,Accelerate,289.652502,463375,485302.25,627667,630834,30,6,"478979.5,485042,484958.5,485562.5,507396,611667",1,"1,1,1,1,1,1",checked-ok
dgemm,N,N,21,m4096_n32_k256,4096,32,256,Accelerate,191.671157,350125,368312.5,437834,459708,30,6,"353520.5,361000,367812.5,368812.5,411000,435042",1,"1,1,1,1,1,1",checked-ok
dgemm,N,N,22,m2048_n17_k257,2048,17,257,Accelerate,316.033978,56625,58307.5,76937.5,77333.5,30,6,"58396,58219,56791.5,57541.75,67041.5,71989.75",2,"2,2,2,2,2,2",checked-ok
dgemm,N,N,23,m512_n64_k2048,512,64,2048,Accelerate,323.936853,414333,428812.5,494458,499208,30,6,"417916.5,427625,417375.5,430000,449979,480458.5",1,"1,1,1,1,1,1",checked-ok
dgemm,N,N,24,m64_n1024_k1024,64,1024,1024,Accelerate,361.246075,371541,393676.75,448833,464417,30,6,"371938,373145.5,414208,371709,415500,441333",1,"1,1,1,1,1,1",checked-ok
dgemm,N,N,25,m64_n2048_k512,64,2048,512,Accelerate,373.215789,359625,380958.5,410291,430083,30,6,"360334,384104,380875,360312.5,405313,381042",1,"1,1,1,1,1,1",checked-ok
dgemm,N,N,26,m32_n4096_k256,32,4096,256,Accelerate,311.590779,215375,228458.25,246958,263583,30,6,"227917,230041.5,228145.5,228771,227958.5,242792",1,"1,1,1,1,1,1",checked-ok
dgemm,N,N,27,m17_n2048_k257,17,2048,257,Accelerate,162.563012,110083,116666.5,119416,119584,30,6,"110625,110625,116666,116708,116791,116667",1,"1,1,1,1,1,1",checked-ok
dgemm,N,N,28,m64_n512_k2048,64,512,2048,Accelerate,339.648118,395167,419812.5,424458,444917,30,6,"395917,421000,397521,419167,420458,420479",1,"1,1,1,1,1,1",checked-ok
dgemm,N,N,29,m1024_n1024_k64,1024,1024,64,Accelerate,308.664290,434834,441624.75,470083,489208,30,6,"440437.5,438854,442812,446771,437583.5,464895.5",1,"1,1,1,1,1,1",checked-ok
dgemm,N,N,30,m1024_n1024_k128,1024,1024,128,Accelerate,358.252609,749291,796364,907458,976958,30,6,"767250,795124.5,783125,797603.5,856375,875166.5",1,"1,1,1,1,1,1",checked-ok
dgemm,N,N,31,m1024_n1024_k256,1024,1024,256,Accelerate,486.534976,1103458,1171260.25,1423500,1428667,30,6,"1168083,1162354,1164479,1174437.5,1409312.5,1320750",1,"1,1,1,1,1,1",checked-ok
dgemm,N,N,32,m256_n256_k2048,256,256,2048,Accelerate,390.949144,686625,721542,892041,893833,30,6,"721250,721458.5,721625.5,720562,814124.5,872479.5",1,"1,1,1,1,1,1",checked-ok
dgemm,N,N,33,m128_n128_k4096,128,128,4096,Accelerate,357.755575,375166,396813,485125,503209,30,6,"396875.5,376604,395416.5,396750.5,480145.5,477938",1,"1,1,1,1,1,1",checked-ok
dgemm,N,N,34,m1536_n256_k256,1536,256,256,Accelerate,393.376578,511791,540218.5,623250,640000,30,6,"516583.5,523958.5,540374.5,540062.5,608417,613000",1,"1,1,1,1,1,1",checked-ok
dgemm,N,N,35,m256_n1536_k256,256,1536,256,Accelerate,400.517624,502666,544614.75,614625,618416,30,6,"531021,516937.5,525500,558208.5,589687.5,588812.5",1,"1,1,1,1,1,1",checked-ok
dgemm,N,N,36,m512_n256_k768,512,256,768,Accelerate,408.819822,492458,525854.25,613250,626000,30,6,"494312.5,525521,496812.5,526187.5,561625,599875.5",1,"1,1,1,1,1,1",checked-ok
dgemm,N,N,37,m256_n512_k768,256,512,768,Accelerate,395.339405,509250,528875,597000,605625,30,6,"514145.5,514000,514084,543604.5,577437.5,575312.5",1,"1,1,1,1,1,1",checked-ok
dgemm,N,N,38,m768_n512_k256,768,512,256,Accelerate,425.150445,473542,519301.75,579125,585458,30,6,"494271,498458,492312,540145.5,564500,567958",1,"1,1,1,1,1,1",checked-ok
dgemm,N,N,39,m512_n768_k256,512,768,256,Accelerate,394.887330,509833,557114.5,637750,640667,30,6,"512396,542021,538062.5,572208,606271,608729.5",1,"1,1,1,1,1,1",checked-ok
dgemm,N,N,40,m384_n640_k96,384,640,96,Accelerate,411.654700,114625,119458,133416,133417,30,6,"116208,115562.5,116125,122708,122750,130708",1,"1,1,1,1,1,1",checked-ok
dgemm,N,N,41,m640_n384_k96,640,384,96,Accelerate,437.246747,107916,118312.5,132166,132208,30,6,"108000,108042,115125,121500,121541.5,129437.5",1,"1,1,1,1,1,1",checked-ok
cgemm,N,N,0,m1_n1_k1,1,1,1,Accelerate,0.099826,80.13916015625,81.9346923828125,97.859375,100.7080078125,30,6,"80.1796875,81.03466796875,81.288818359375,82.58056640625,89.02978515625,87.9716796875",2048,"2048,2048,2048,2048,2048,1024",checked-ok
cgemm,N,N,1,m8_n8_k8,8,8,8,Accelerate,15.298410,267.740234375,274.12890625,306.478515625,307.455078125,30,6,"268.8798828125,273.111328125,282.2666015625,275.146484375,272.216796875,301.1474609375",512,"512,512,512,512,512,512",checked-ok
cgemm,N,N,2,m31_n31_k31,31,31,31,Accelerate,74.193478,3212.25,3629.5546875,3766.90625,4820.3125,30,6,"3404.953125,3631.5,3635.40625,3627.609375,3300.78125,3652.34375",32,"32,32,32,32,32,32",checked-ok
cgemm,N,N,3,m33_n33_k33,33,33,33,Accelerate,64.128929,4483.09375,4667.96875,4697.90625,5118.5,30,6,"4667.96875,4667.96875,4673.15625,4494.796875,4667.96875,4520.84375",32,"32,32,32,32,32,32",checked-ok
cgemm,N,N,4,sq64,64,64,64,Accelerate,239.247287,8765.625,9195.328125,11072.9375,11117.1875,30,6,"9182.3125,9208.34375,8915.34375,10630.21875,10770.8125,9098.96875",16,"16,16,16,16,16,16",checked-ok
cgemm,N,N,5,sq96,96,96,96,Accelerate,372.827022,18984.375,19247.40625,21869.75,21869.875,30,6,"19229.1875,19257.8125,19000,21526.0625,21809.9375,19237",8,"8,8,8,8,8,8",checked-ok
cgemm,N,N,6,sq128,128,128,128,Accelerate,464.289468,36135.25,39078.125,40510.5,40521,30,6,"39739.5,38489.5,38697.875,36703.125,39458.375,40046.75",4,"4,4,4,4,4,4",checked-ok
cgemm,N,N,7,sq192,192,192,192,Accelerate,721.694960,78458.5,85125,90312.5,91916.5,30,6,"85041.75,85208.25,87427,79656.25,83208.25,85572.75",2,"2,2,2,2,2,2",checked-ok
cgemm,N,N,8,sq256,256,256,256,Accelerate,810.371188,165625,174989.5,180791,183875,30,6,"175125,175083,174896,174812.5,168729.5,179416.5",1,"1,1,1,1,1,1",checked-ok
cgemm,N,N,9,sq384,384,384,384,Accelerate,1028.342411,440500,452250.25,479000,486000,30,6,"447250,452583.5,463021,451917,449625,456958",1,"1,1,1,1,1,1",checked-ok
cgemm,N,N,10,sq512,512,512,512,Accelerate,1105.667987,971125,990771,1084375,1087292,30,6,"980249.5,998646,982687.5,982896,1058083,1007812.5",1,"1,1,1,1,1,1",checked-ok
cgemm,N,N,11,sq768,768,768,768,Accelerate,1374.286726,2636916,2800583.25,3452042,3613292,30,6,"2729770.5,2730813,2748250,3211875.5,2852916.5,3011291.5",1,"1,1,1,1,1,1",checked-ok
cgemm,N,N,12,sq1024,1024,1024,1024,Accelerate,1426.731402,6020709,6849864.75,10865250,11359791,30,6,"6043104,6356729.5,6535375,7366583.5,7164354.5,7688187.5",1,"1,1,1,1,1,1",checked-ok
cgemm,N,N,13,m63_n65_k17,63,65,17,Accelerate,78.021172,7138.0625,9798.171875,13338.5,13765.625,30,6,"12864.5625,7156.25,7158.875,12424.5,10148.40625,9447.9375",16,"8,16,16,8,16,16",checked-ok
cgemm,N,N,14,m65_n63_k33,65,63,33,Accelerate,126.566081,8541.625,11787.125,13817.75,14031.25,30,6,"11947.9375,8750,9841.125,12890.6875,13213.5625,11626.3125",16,"16,16,16,8,8,16",checked-ok
cgemm,N,N,15,m127_n129_k31,127,129,31,Accelerate,182.862852,22218.75,26471.3125,31218.75,31531.25,30,6,"27067.625,22445.3125,23205.8125,30333.25,28890.625,25875",8,"4,8,8,4,4,4",checked-ok
cgemm,N,N,16,m129_n127_k33,129,127,33,Accelerate,188.904578,22895.75,27822.9375,32302,32385.5,30,6,"28375,25645.875,22958.25,31750,30406.25,27270.875",4,"4,4,4,4,4,4",checked-ok
cgemm,N,N,17,m1_n4096_k256,1,4096,256,Accelerate,22.192085,378000,414583,461375,475333,30,6,"413666,413687.5,383916.5,431687.5,434395.5,415478.5",1,"1,1,1,1,1,1",checked-ok
cgemm,N,N,18,m4096_n1_k256,4096,1,256,Accelerate,20.168947,415917,418614.5,475500,500875,30,6,"418771,418458,417104.5,417875,453750,418812.5",1,"1,1,1,1,1,1",checked-ok
cgemm,N,N,19,m1024_n64_k1024,1024,64,1024,Accelerate,717.502054,748250,777218.75,947208,949166,30,6,"754166.5,815771,777958.5,776354,918625,776479",1,"1,1,1,1,1,1",checked-ok
cgemm,N,N,20,m2048_n64_k512,2048,64,512,Accelerate,704.478268,762083,797635.5,901459,908042,30,6,"781063,783396,767812.5,822854.5,863500,811875",1,"1,1,1,1,1,1",checked-ok
cgemm,N,N,21,m4096_n32_k256,4096,32,256,Accelerate,465.899508,576166,614916.5,726541,1109208,30,6,"603229,604979,601875,624854,696958.5,652271",1,"1,1,1,1,1,1",checked-ok
cgemm,N,N,22,m2048_n17_k257,2048,17,257,Accelerate,245.388183,291708,308666.75,368583,374458,30,6,"309771,304479,304562.5,309958.5,329708,307562.5",1,"1,1,1,1,1,1",checked-ok
cgemm,N,N,23,m512_n64_k2048,512,64,2048,Accelerate,740.171634,725333,789791.75,842000,1239083,30,6,"782146,748812.5,779437,797437.5,799708,805791.5",1,"1,1,1,1,1,1",checked-ok
cgemm,N,N,24,m64_n1024_k1024,64,1024,1024,Accelerate,637.551063,842083,939187.25,1033625,1050333,30,6,"848354,874833,1013375,912812.5,965562,968896",1,"1,1,1,1,1,1",checked-ok
cgemm,N,N,25,m64_n2048_k512,64,2048,512,Accelerate,578.238686,928459,983853.75,1072542,1072833,30,6,"935562.5,1041750.5,982520.5,935500,1035521,985187",1,"1,1,1,1,1,1",checked-ok
cgemm,N,N,26,m32_n4096_k256,32,4096,256,Accelerate,359.531835,746625,788843.75,864583,923167,30,6,"753104,788542,789145.5,785666.5,795250,826729.5",1,"1,1,1,1,1,1",checked-ok
cgemm,N,N,27,m17_n2048_k257,17,2048,257,Accelerate,186.329633,384167,417541.75,437084,440042,30,6,"386812.5,418708,418271,386750,417562.5,417521",1,"1,1,1,1,1,1",checked-ok
cgemm,N,N,28,m64_n512_k2048,64,512,2048,Accelerate,590.590427,909041,917697.75,997125,998333,30,6,"918146,913208,917562.5,915854.5,967625.5,917833",1,"1,1,1,1,1,1",checked-ok
cgemm,N,N,29,m1024_n1024_k64,1024,1024,64,Accelerate,537.385728,999042,1081354.75,1178250,1192333,30,6,"1077541.5,1083688,1063625,1122125,1079021.5,1126020.5",1,"1,1,1,1,1,1",checked-ok
cgemm,N,N,30,m1024_n1024_k128,1024,1024,128,Accelerate,818.011103,1312625,1388406,1641500,1662458,30,6,"1333833.5,1364541.5,1412270.5,1363395.5,1432417,1614374.5",1,"1,1,1,1,1,1",checked-ok
cgemm,N,N,31,m1024_n1024_k256,1024,1024,256,Accelerate,1094.096951,1962791,2221166.5,2614708,2617625,30,6,"1981937.5,2332187,2069833,2172416.5,2429396,2269916.5",1,"1,1,1,1,1,1",checked-ok
cgemm,N,N,32,m256_n256_k2048,256,256,2048,Accelerate,924.145733,1161875,1299374.75,1638208,1643917,30,6,"1167396,1268458,1257958.5,1388437.5,1330291.5,1495562.5",1,"1,1,1,1,1,1",checked-ok
cgemm,N,N,33,m128_n128_k4096,128,128,4096,Accelerate,656.254820,818083,865958.25,1021833,1034625,30,6,"820625,858749.5,828791,873167,942250,995333.5",1,"1,1,1,1,1,1",checked-ok
cgemm,N,N,34,m1536_n256_k256,1536,256,256,Accelerate,933.688543,862500,951198,1175125,1181333,30,6,"922250,928187.5,878834,974208.5,1076333.5,1035250",1,"1,1,1,1,1,1",checked-ok
cgemm,N,N,35,m256_n1536_k256,256,1536,256,Accelerate,912.528462,882500,978635.5,1533291,1625875,30,6,"941000,902000,934083.5,1053646,1016271,1060895.5",1,"1,1,1,1,1,1",checked-ok
cgemm,N,N,36,m512_n256_k768,512,256,768,Accelerate,1039.832203,774458,862083.25,1018333,1025708,30,6,"782562.5,859062.5,819833.5,865104,922645.5,991708.5",1,"1,1,1,1,1,1",checked-ok
cgemm,N,N,37,m256_n512_k768,256,512,768,Accelerate,1053.663218,764292,841135.25,1002458,1002958,30,6,"814562.5,768042,815729,866541.5,925770.5,919667",1,"1,1,1,1,1,1",checked-ok
cgemm,N,N,38,m768_n512_k256,768,512,256,Accelerate,1021.043716,788709,918708.25,1048333,1064375,30,6,"918437.5,803062.5,827062.5,979062.5,918979,987479",1,"1,1,1,1,1,1",checked-ok
cgemm,N,N,39,m512_n768_k256,512,768,256,Accelerate,901.042090,893750,957812.5,1140291,1291625,30,6,"905229,956854,941146,958771,1049187.5,1099250",1,"1,1,1,1,1,1",checked-ok
cgemm,N,N,40,m384_n640_k96,384,640,96,Accelerate,613.385677,307708,359594.25,398250,405333,30,6,"349042,330312.5,309229,371791.5,373729,370146.5",1,"1,1,1,1,1,1",checked-ok
cgemm,N,N,41,m640_n384_k96,640,384,96,Accelerate,619.931354,304459,323531.5,375834,383292,30,6,"306104.5,319563,308354,327500,338000,368708.5",1,"1,1,1,1,1,1",checked-ok
zgemm,N,N,0,m1_n1_k1,1,1,1,Accelerate,0.103723,77.12841796875,80.0833740234375,88.3583984375,91.755859375,30,6,"77.372314453125,79.569580078125,77.291015625,81.48193359375,86.761474609375,80.59716796875",2048,"2048,2048,2048,2048,2048,2048",checked-ok
zgemm,N,N,1,m8_n8_k8,8,8,8,Accelerate,11.462478,357.33984375,364.58349609375,384.845703125,385.3359375,30,6,"363.078125,366.0888671875,372.0693359375,362.46875,360.962890625,381.306640625",512,"512,512,512,512,512,512",checked-ok
zgemm,N,N,2,m31_n31_k31,31,31,31,Accelerate,52.915844,4503.90625,4673.828125,4924.46875,5001.3125,30,6,"4889.328125,4673.171875,4677.734375,4674.484375,4533.203125,4516.265625",32,"32,32,32,32,32,32",checked-ok
zgemm,N,N,3,m33_n33_k33,33,33,33,Accelerate,47.037958,6112,6277.34375,6934.875,7416.6875,30,6,"6800.78125,6172.515625,6378.90625,6194.671875,6332.03125,6222.65625",16,"16,32,16,32,16,16",checked-ok
zgemm,N,N,4,sq64,64,64,64,Accelerate,125.125601,16760.375,20376.3125,38687.5,38687.5,30,6,"17627.5625,19755.25,38187.5,20335.875,20783.875,20416.75",8,"8,8,4,8,8,8",checked-ok
zgemm,N,N,5,sq96,96,96,96,Accelerate,164.721757,42968.75,49354.1875,54271,54375,30,6,"47604.125,50661.5,49515.625,49192.75,50505.25,47890.625",4,"4,4,4,4,4,4",checked-ok
zgemm,N,N,6,sq128,128,128,128,Accelerate,198.940106,84333,97812.75,106062.5,108666.5,30,6,"96697.75,98437.5,97188,92281.25,99875,100250",1,"2,1,1,2,2,2",checked-ok
zgemm,N,N,7,sq192,192,192,192,Accelerate,260.885469,217042,245458.25,273042,276792,30,6,"243833,249271,243270.5,231499.5,250708.5,247083.5",1,"1,1,1,1,1,1",checked-ok
zgemm,N,N,8,sq256,256,256,256,Accelerate,257.574073,521084,558301.75,592459,607917,30,6,"583708.5,545979,563541.5,553062,544124.5,564208.5",1,"1,1,1,1,1,1",checked-ok
zgemm,N,N,9,sq384,384,384,384,Accelerate,321.817264,1407584,1470750,1647417,1655041,30,6,"1435667,1499791.5,1621062.5,1441708.5,1435688,1594000",1,"1,1,1,1,1,1",checked-ok
zgemm,N,N,10,sq512,512,512,512,Accelerate,318.708352,3369042,3543500,4213541,4410958,30,6,"3446458.5,3714937,3524229,3422874.5,3919000,3562771",1,"1,1,1,1,1,1",checked-ok
zgemm,N,N,11,sq768,768,768,768,Accelerate,371.886478,9744583,10662333.25,19896584,21412167,30,6,"10266979,10145396,10169416.5,11088062.5,11891312.5,11057687.5",1,"1,1,1,1,1,1",checked-ok
zgemm,N,N,12,sq1024,1024,1024,1024,Accelerate,406.616905,21125375,22683645.75,30178750,32323500,30,6,"21989583.5,22681021,22388437,22686270.5,24528104,23359874.5",1,"1,1,1,1,1,1",checked-ok
zgemm,N,N,13,m63_n65_k17,63,65,17,Accelerate,44.185534,12604.125,15925.78125,26197.75,27166.75,30,6,"21804.6875,14942.625,12716.1875,25781.25,16908.9375,13705.6875",8,"8,8,8,4,8,8",checked-ok
zgemm,N,N,14,m65_n63_k33,65,63,33,Accelerate,62.276436,17359.375,22165.34375,26979.25,27250,30,6,"24109.375,21244.75,18895.8125,26270.875,23085.9375,17877.625",8,"8,8,8,4,8,8",checked-ok
zgemm,N,N,15,m127_n129_k31,127,129,31,Accelerate,94.442426,43020.75,56098.875,70541.5,70791.5,30,6,"58437.5,53760.25,44197.875,68427.25,59760.5,47723.875",4,"2,2,4,2,2,4",checked-ok
zgemm,N,N,16,m129_n127_k33,129,127,33,Accelerate,95.604770,45239.5,53359.25,67146,67166.5,30,6,"58323,54416.5,47052.125,64760.5,52302,51260.5",4,"2,2,4,2,2,2",checked-ok
zgemm,N,N,17,m1_n4096_k256,1,4096,256,Accelerate,6.079803,1379750,1693802,2131000,2144542,30,6,"1684770.5,1702833.5,1487583,2031917,1934812,1564229",1,"1,1,1,1,1,1",checked-ok
zgemm,N,N,18,m4096_n1_k256,4096,1,256,Accelerate,5.405031,1552000,1706302.25,2041500,2041917,30,6,"1688646,1680041.5,2033333.5,1976729,1684646,1723958.5",1,"1,1,1,1,1,1",checked-ok
zgemm,N,N,19,m1024_n64_k1024,1024,64,1024,Accelerate,139.477168,3849167,4151531.25,4688125,4689292,30,6,"3998687.5,4317562.5,4142937.5,4135104,4283229,4160125",1,"1,1,1,1,1,1",checked-ok
zgemm,N,N,20,m2048_n64_k512,2048,64,512,Accelerate,135.669082,3957209,4614749.75,5135042,5260250,30,6,"4554354,4493104.5,4275167,4675145.5,4856020.5,4697042",1,"1,1,1,1,1,1",checked-ok
zgemm,N,N,21,m4096_n32_k256,4096,32,256,Accelerate,81.203620,3305708,3541948,4250833,4579209,30,6,"3356395.5,3661562.5,3422333.5,3409646,3925708.5,3784271",1,"1,1,1,1,1,1",checked-ok
zgemm,N,N,22,m2048_n17_k257,2048,17,257,Accelerate,85.398488,838208,975291.75,1162000,1163333,30,6,"1001833.5,946666.5,853229,955937.5,994646,1094021",1,"1,1,1,1,1,1",checked-ok
zgemm,N,N,23,m512_n64_k2048,512,64,2048,Accelerate,155.213586,3458917,3893646,4294125,4654959,30,6,"3562604.5,3875146,3780875,3912146,4074062.5,4027500",1,"1,1,1,1,1,1",checked-ok
zgemm,N,N,24,m64_n1024_k1024,64,1024,1024,Accelerate,187.106455,2869334,3400854.5,3949083,3978292,30,6,"3188041.5,3051166.5,3481896,3459938,3341771,3673896",1,"1,1,1,1,1,1",checked-ok
zgemm,N,N,25,m64_n2048_k512,64,2048,512,Accelerate,179.653127,2988375,3370864.25,3943917,3973708,30,6,"3323396,3515625,3349999.5,3033479.5,3671729.5,3391729",1,"1,1,1,1,1,1",checked-ok
zgemm,N,N,26,m32_n4096_k256,32,4096,256,Accelerate,109.151518,2459292,2720166.75,3221417,3290792,30,6,"2678062.5,2921167,2730125,2666000,2710208.5,3078479",1,"1,1,1,1,1,1",checked-ok
zgemm,N,N,27,m17_n2048_k257,17,2048,257,Accelerate,64.492895,1109916,1361791.75,1453125,1483667,30,6,"1351646,1169541.5,1386166.5,1425062.5,1179166.5,1371937.5",1,"1,1,1,1,1,1",checked-ok
zgemm,N,N,28,m64_n512_k2048,64,512,2048,Accelerate,171.805564,3124875,3536656.25,3914834,4160833,30,6,"3319604,3482979.5,3626541,3320020.5,3599937.5,3590333",1,"1,1,1,1,1,1",checked-ok
zgemm,N,N,29,m1024_n1024_k64,1024,1024,64,Accelerate,194.918665,2754333,2891000,3467167,3508042,30,6,"2892125,2880062.5,2889875,2872875,2995104.5,3361062.5",1,"1,1,1,1,1,1",checked-ok
zgemm,N,N,30,m1024_n1024_k128,1024,1024,128,Accelerate,249.229229,4308250,4621677.25,6047875,6318667,30,6,"4401833,4567083.5,4641729.5,4601625,4958833.5,5463833",1,"1,1,1,1,1,1",checked-ok
zgemm,N,N,31,m1024_n1024_k256,1024,1024,256,Accelerate,350.007220,6135541,7131010,8690417,8731708,30,6,"6250750,7041083,6313354,7280396,7753291.5,7220937",1,"1,1,1,1,1,1",checked-ok
zgemm,N,N,32,m256_n256_k2048,256,256,2048,Accelerate,248.515394,4320625,5015531.25,7891750,8412584,30,6,"4542666.5,4905750.5,5125312,5187250,4854020.5,5674979",1,"1,1,1,1,1,1",checked-ok
zgemm,N,N,33,m128_n128_k4096,128,128,4096,Accelerate,190.910039,2812167,3316198.25,4462000,4472125,30,6,"2932708.5,3590062.5,3215417,3045270.5,3688812,3416979.5",1,"1,1,1,1,1,1",checked-ok
zgemm,N,N,34,m1536_n256_k256,1536,256,256,Accelerate,295.439406,2725792,3173333.25,3725459,3778583,30,6,"2870000.5,3304229,2950167,3254979,3471083,3091687.5",1,"1,1,1,1,1,1",checked-ok
zgemm,N,N,35,m256_n1536_k256,256,1536,256,Accelerate,277.241763,2904708,3300062.5,3917375,3930292,30,6,"3075625,3088145.5,3377520.5,3579208.5,3222604.5,3606313",1,"1,1,1,1,1,1",checked-ok
zgemm,N,N,36,m512_n256_k768,512,256,768,Accelerate,301.598752,2670125,3176646,3667375,3670917,30,6,"2813646,3170104.5,3183187.5,2820417,3184854.5,3392250.5",1,"1,1,1,1,1,1",checked-ok
zgemm,N,N,37,m256_n512_k768,256,512,768,Accelerate,291.206125,2765417,3176927.25,3752458,3755458,30,6,"2972854,3195562.5,2956292,3310458.5,3350625,3158292",1,"1,1,1,1,1,1",checked-ok
zgemm,N,N,38,m768_n512_k256,768,512,256,Accelerate,316.452727,2544792,2887302.25,3399334,3417791,30,6,"2787541.5,2650958.5,2956646,3076312.5,2817958.5,3162104",1,"1,1,1,1,1,1",checked-ok
zgemm,N,N,39,m512_n768_k256,512,768,256,Accelerate,307.022095,2622959,2990854,3597292,3620875,30,6,"2724333.5,2931291.5,3050416.5,2878666.5,3156958,3259750.5",1,"1,1,1,1,1,1",checked-ok
zgemm,N,N,40,m384_n640_k96,384,640,96,Accelerate,239.864883,786875,858791.75,1023250,1023542,30,6,"862166.5,823833.5,827709,930958.5,917749.5,855417",1,"1,1,1,1,1,1",checked-ok
zgemm,N,N,41,m640_n384_k96,640,384,96,Accelerate,252.176715,748458,823198,930833,932917,30,6,"805708.5,754500,794062.5,840687.5,854312.5,840958.5",1,"1,1,1,1,1,1",checked-ok
sgemm,N,N,0,m1_n1_k1,1,1,1,OpenBLAS,0.093025,21.4996337890625,22.527069091796875,57.7802734375,60.03857421875,30,6,"53.395751953125,21.6776123046875,21.50726318359375,21.93194580078125,23.1221923828125,24.271728515625",8192,"2048,8192,8192,8192,8192,4096",checked-ok
sgemm,N,N,1,m8_n8_k8,8,8,8,OpenBLAS,11.862256,86.32421875,89.5029296875,127.0751953125,127.15625,30,6,"123.69775390625,87.3310546875,87.7890625,88.61279296875,90.39306640625,93.04833984375",2048,"1024,2048,2048,2048,2048,2048",checked-ok
sgemm,N,N,2,m31_n31_k31,31,31,31,OpenBLAS,49.616457,1200.8515625,1258.626953125,1317.7109375,1332.3515625,30,6,"1311.51953125,1213.21484375,1212.23828125,1259.60546875,1259.92578125,1257.6484375",128,"128,128,128,128,128,128",checked-ok
sgemm,N,N,3,m33_n33_k33,33,33,33,OpenBLAS,77.937937,922.1953125,960.04296875,1060.875,1078.7734375,30,6,"926.43359375,957.51953125,960.7734375,959.3125,1032.5546875,1037.7578125",128,"128,128,128,128,128,128",checked-ok
sgemm,N,N,4,sq64,64,64,64,OpenBLAS,36.792140,14250,15136.71875,16395.875,16671.875,30,6,"14481.75,14843.75,14862,15411.4375,15794.25,16130.25",8,"8,8,8,8,8,8",checked-ok
sgemm,N,N,5,sq96,96,96,96,OpenBLAS,51.647582,34260.5,38393.25,43250,43718.75,30,6,"38432.375,38359.375,38427.125,37520.75,37276.125,39421.875",4,"4,4,4,4,4,4",checked-ok
sgemm,N,N,6,sq128,128,128,128,OpenBLAS,95.823810,43771,47848.875,54520.5,55666.5,30,6,"48010.375,47864.5,47187.5,47833.25,47448,49229",2,"4,2,4,4,4,2",checked-ok
sgemm,N,N,7,sq192,192,192,192,OpenBLAS,179.376632,78916.5,81593.625,92667,114521,30,6,"81520.75,81625,81364.5,81791.5,81562.25,82770.75",2,"2,2,2,2,2,2",checked-ok
sgemm,N,N,8,sq256,256,256,256,OpenBLAS,292.839531,114583,126291.75,183917,186458,30,6,"126229,126833,126187.5,154729,126354.5,123687.5",1,"1,1,1,1,1,1",checked-ok
sgemm,N,N,9,sq384,384,384,384,OpenBLAS,362.242968,312625,318739.75,346625,365084,30,6,"318312.5,318021,319021,319500,318854,318625.5",1,"1,1,1,1,1,1",checked-ok
sgemm,N,N,10,sq512,512,512,512,OpenBLAS,420.800632,637916,653739.5,670458,762333,30,6,"646624.5,655354.5,654416.5,655000,652583.5,653062.5",1,"1,1,1,1,1,1",checked-ok
sgemm,N,N,11,sq768,768,768,768,OpenBLAS,483.764338,1872750,1907094,2054583,2565459,30,6,"1915354,1902812.5,1900729,1909792,1904396,1916042",1,"1,1,1,1,1,1",checked-ok
sgemm,N,N,12,sq1024,1024,1024,1024,OpenBLAS,472.567266,4544292,4683073.25,4913958,4973584,30,6,"4646208.5,4671125,4695021.5,4669208.5,4732062.5,4758041.5",1,"1,1,1,1,1,1",checked-ok
sgemm,N,N,13,m63_n65_k17,63,65,17,OpenBLAS,54.168511,2570.3125,3037.26953125,3355.46875,3393.21875,30,6,"2584.640625,3034.828125,3039.7109375,2678.0625,3266.921875,3040.359375",64,"64,64,64,64,32,64",checked-ok
sgemm,N,N,14,m65_n63_k33,65,63,33,OpenBLAS,81.816324,3303.375,3628.5859375,3963.5625,3964.84375,30,6,"3311.859375,3628.90625,3876.3125,3435.546875,3628.265625,3630.875",32,"32,32,32,32,32,32",checked-ok
sgemm,N,N,15,m127_n129_k31,127,129,31,OpenBLAS,76.600096,13260.375,14287.78125,15031.25,15036.5,30,6,"13338.5625,14661.375,14700.5,13843.75,13921.875,14653.6875",8,"8,8,8,8,8,8",checked-ok
sgemm,N,N,16,m129_n127_k33,129,127,33,OpenBLAS,34.915132,30968.75,37335.9375,42552.25,43135.5,30,6,"37598.875,39125,38723.875,37057.375,36791.75,37073",4,"4,4,4,4,4,4",checked-ok
sgemm,N,N,17,m1_n4096_k256,1,4096,256,OpenBLAS,46.059618,45531.25,48565.1875,55583.5,57833,30,6,"48468.75,52521,51750,48083.375,48291.75,48661.625",4,"4,2,2,4,4,4",checked-ok
sgemm,N,N,18,m4096_n1_k256,4096,1,256,OpenBLAS,47.820680,43854.5,47401,55542,56271,30,6,"46703.25,48375,49833.5,47572.75,46718.5,47229.25",2,"4,2,2,2,2,4",checked-ok
sgemm,N,N,19,m1024_n64_k1024,1024,64,1024,OpenBLAS,231.393120,580042,592135,647584,706875,30,6,"592020.5,595563,590896,594958.5,591166.5,592249.5",1,"1,1,1,1,1,1",checked-ok
sgemm,N,N,20,m2048_n64_k512,2048,64,512,OpenBLAS,251.913933,532792,544583.5,568709,666042,30,6,"544104,544062.5,543354,546896,545063,546041.5",1,"1,1,1,1,1,1",checked-ok
sgemm,N,N,21,m4096_n32_k256,4096,32,256,OpenBLAS,220.029062,305000,321219,547459,1598875,30,6,"316104.5,320459,317416.5,321979,323125,324021",1,"1,1,1,1,1,1",checked-ok
sgemm,N,N,22,m2048_n17_k257,2048,17,257,OpenBLAS,124.345449,143917,154760.25,163000,182291,30,6,"154770.5,155520.5,153688,154604,154750,154895.5",1,"1,1,1,1,1,1",checked-ok
sgemm,N,N,23,m512_n64_k2048,512,64,2048,OpenBLAS,208.345329,644208,658156.25,686375,785292,30,6,"658104,657250.5,658208.5,659416.5,658083,659020.5",1,"1,1,1,1,1,1",checked-ok
sgemm,N,N,24,m64_n1024_k1024,64,1024,1024,OpenBLAS,422.179846,317916,326531.25,341000,423875,30,6,"327625,324604,325187.5,328229,331729,325437.5",1,"1,1,1,1,1,1",checked-ok
sgemm,N,N,25,m64_n2048_k512,64,2048,512,OpenBLAS,441.022590,304333,311656,366584,372333,30,6,"308937.5,310771,311312.5,364667,311999.5,312375",1,"1,1,1,1,1,1",checked-ok
sgemm,N,N,26,m32_n4096_k256,32,4096,256,OpenBLAS,383.023972,175208,190666.5,316583,318167,30,6,"186604.5,191333,190875,190458,194312.5,189541.5",1,"1,1,1,1,1,1",checked-ok
sgemm,N,N,27,m17_n2048_k257,17,2048,257,OpenBLAS,203.453038,87958.5,91125,97042,98292,30,6,"91416.75,90562.25,92489.5,93312,90822.75,90833.25",2,"2,2,2,1,2,2",checked-ok
sgemm,N,N,28,m64_n512_k2048,64,512,2048,OpenBLAS,405.236975,331208,339635.25,354583,398250,30,6,"335875,340145.5,339333,339937.5,338208,341604",1,"1,1,1,1,1,1",checked-ok
sgemm,N,N,29,m1024_n1024_k64,1024,1024,64,OpenBLAS,403.005411,333042,338104.5,365875,419625,30,6,"337750,338270.5,337729,339395.5,338208.5,338000.5",1,"1,1,1,1,1,1",checked-ok
sgemm,N,N,30,m1024_n1024_k128,1024,1024,128,OpenBLAS,437.488418,613583,625041.5,658125,733583,30,6,"622229,624708,625375,625833,624500.5,625520.5",1,"1,1,1,1,1,1",checked-ok
sgemm,N,N,31,m1024_n1024_k256,1024,1024,256,OpenBLAS,470.681348,1140625,1166583.5,1317250,1384209,30,6,"1166479.5,1166188,1168500,1166687.5,1164604.5,1167270.5",1,"1,1,1,1,1,1",checked-ok
sgemm,N,N,32,m256_n256_k2048,256,256,2048,OpenBLAS,348.579901,770083,779458.5,1338667,2060750,30,6,"776437.5,777812.5,1213750.5,778937.5,782979,779979.5",1,"1,1,1,1,1,1",checked-ok
sgemm,N,N,33,m128_n128_k4096,128,128,4096,OpenBLAS,250.114564,536625,541104.25,940417,943584,30,6,"540541.5,540833.5,543791.5,540771,541375,542312.5",1,"1,1,1,1,1,1",checked-ok
sgemm,N,N,34,m1536_n256_k256,1536,256,256,OpenBLAS,409.720869,491375,509687.25,538417,546959,30,6,"504124.5,510500.5,508187,510104,511021,509270.5",1,"1,1,1,1,1,1",checked-ok
sgemm,N,N,35,m256_n1536_k256,256,1536,256,OpenBLAS,485.661471,414541,424937.75,451583,463250,30,6,"423729.5,427250,426146,422541,427729,420354.5",1,"1,1,1,1,1,1",checked-ok
sgemm,N,N,36,m512_n256_k768,512,256,768,OpenBLAS,377.929774,532709,547729,671458,712917,30,6,"536562.5,569854.5,542125,544145.5,568104,551312.5",1,"1,1,1,1,1,1",checked-ok
sgemm,N,N,37,m256_n512_k768,256,512,768,OpenBLAS,444.265783,453167,465479,534834,680000,30,6,"474958.5,465124.5,465187,460875.5,465771,486104",1,"1,1,1,1,1,1",checked-ok
sgemm,N,N,38,m768_n512_k256,768,512,256,OpenBLAS,434.127422,463750,469479,496416,517792,30,6,"468375,470062.5,469125,469833,470250,468708",1,"1,1,1,1,1,1",checked-ok
sgemm,N,N,39,m512_n768_k256,512,768,256,OpenBLAS,458.994795,438625,456125.25,699459,709000,30,6,"458667,446520.5,666458,652917,443333,453583.5",1,"1,1,1,1,1,1",checked-ok
sgemm,N,N,40,m384_n640_k96,384,640,96,OpenBLAS,367.085622,128542,136427.25,168167,172125,30,6,"131167,136458.5,136875,136396,132146,138145.5",1,"1,1,1,1,1,1",checked-ok
sgemm,N,N,41,m640_n384_k96,640,384,96,OpenBLAS,349.955649,134834,140854.25,193209,206792,30,6,"140396,140020.5,141312.5,140375,188792,142729.5",1,"1,1,1,1,1,1",checked-ok
dgemm,N,N,0,m1_n1_k1,1,1,1,OpenBLAS,0.092609,21.59619140625,23.08148193359375,25.15673828125,26.153564453125,30,6,"21.9166259765625,23.223876953125,23.737548828125,22.9390869140625,21.6217041015625,24.1903076171875",8192,"8192,8192,8192,8192,8192,4096",checked-ok
dgemm,N,N,1,m8_n8_k8,8,8,8,OpenBLAS,11.823267,86.60888671875,90.8914794921875,96.72021484375,97.65625,30,6,"92.000244140625,90.779541015625,87.14794921875,87.209228515625,91.745849609375,91.00341796875",2048,"2048,2048,2048,2048,2048,2048",checked-ok
dgemm,N,N,2,m31_n31_k31,31,31,31,OpenBLAS,36.073410,1651.6875,1661.62109375,1754.546875,1755.859375,30,6,"1662.765625,1682.6171875,1655.921875,1655.59375,1660.4765625,1710.6171875",64,"64,64,64,64,64,64",checked-ok
dgemm,N,N,3,m33_n33_k33,33,33,33,OpenBLAS,40.350316,1781.25,1790.0390625,1839.84375,2018.234375,30,6,"1793.625,1792.3125,1787.75,1791.9921875,1788.0859375,1786.453125",64,"64,64,64,64,64,64",checked-ok
dgemm,N,N,4,sq64,64,64,64,OpenBLAS,25.121760,20869.875,22138.0625,23213.625,23255.25,30,6,"22432.3125,21979.25,21908.875,22296.875,22859.375,21268.25",8,"8,8,8,8,8,8",checked-ok
dgemm,N,N,5,sq96,96,96,96,OpenBLAS,44.867753,39437.5,44729.1875,48229.25,49031.25,30,6,"45567.875,44468.75,44713.625,44755.25,44744.75,43989.625",4,"4,4,4,4,4,4",checked-ok
dgemm,N,N,6,sq128,128,128,128,OpenBLAS,85.999959,48771,55249.875,61187.5,62791.5,30,6,"55520.75,54177,56416.75,54979,55864.5,54802",2,"2,2,2,2,2,2",checked-ok
dgemm,N,N,7,sq192,192,192,192,OpenBLAS,138.273758,102375,110541.5,117417,144083,30,6,"111083.5,110687.5,111146,110042,110395.5,110208.5",1,"1,1,1,1,1,1",checked-ok
dgemm,N,N,8,sq256,256,256,256,OpenBLAS,177.771825,188750,192385.75,209166,212500,30,6,"192500.5,192229,192145.5,192271,194395.5,192625",1,"1,1,1,1,1,1",checked-ok
dgemm,N,N,9,sq384,384,384,384,OpenBLAS,212.635792,532583,542166.5,570125,573292,30,6,"536895.5,539666.5,542854,541479,542854,542875",1,"1,1,1,1,1,1",checked-ok
dgemm,N,N,10,sq512,512,512,512,OpenBLAS,230.532065,1164417,1193177.25,1673834,2020375,30,6,"1194645.5,1191854.5,1217937.5,1189479,1194125.5,1192229",1,"1,1,1,1,1,1",checked-ok
dgemm,N,N,11,sq768,768,768,768,OpenBLAS,250.995890,3609500,3653906.25,5368375,6461208,30,6,"3644937,3656083.5,3661000,3644396,3651729,3674312.5",1,"1,1,1,1,1,1",checked-ok
dgemm,N,N,12,sq1024,1024,1024,1024,OpenBLAS,252.433536,8507125,8689583.5,12350959,12640833,30,6,"8665000,8605333,8630916.5,8714167,8739583.5,8793687.5",1,"1,1,1,1,1,1",checked-ok
dgemm,N,N,13,m63_n65_k17,63,65,17,OpenBLAS,39.196945,3552.0625,4078.7890625,5496.09375,6027.34375,30,6,"4085.953125,3761.71875,3563.8125,4260.421875,5287.109375,4071.625",32,"32,32,32,32,32,32",checked-ok
dgemm,N,N,14,m65_n63_k33,65,63,33,OpenBLAS,42.815050,6312.5,6943.375,8619.8125,8635.375,30,6,"6763.03125,6687.5,6345.03125,7123.71875,8343.75,7264.3125",16,"16,16,16,16,16,16",checked-ok
dgemm,N,N,15,m127_n129_k31,127,129,31,OpenBLAS,29.729296,34166.5,36960.9375,43656.25,43781.25,30,6,"34333.375,37833.375,36088.5,35703.125,42994.75,38223.875",4,"4,4,4,4,4,4",checked-ok
dgemm,N,N,16,m129_n127_k33,129,127,33,OpenBLAS,33.680476,32104,42846.4375,51354.25,51864.5,30,6,"41479.25,44447.75,43104.25,42588.625,46203.25,41791.75",4,"4,4,4,4,4,4",checked-ok
dgemm,N,N,17,m1_n4096_k256,1,4096,256,OpenBLAS,34.414802,60937.5,63947.875,72812.5,74250,30,6,"63552.25,64323,63260.5,63572.75,64552.25,69041.75",2,"2,2,2,2,2,2",checked-ok
dgemm,N,N,18,m4096_n1_k256,4096,1,256,OpenBLAS,29.624557,70791,75239.75,98542,127542,30,6,"72625,75917,74562.5,73937,76937.5,92125",1,"1,1,1,1,1,1",checked-ok
dgemm,N,N,19,m1024_n64_k1024,1024,64,1024,OpenBLAS,126.178991,1063709,1079020.75,20852042,21221625,30,6,"1078541.5,1076708,1073646,1079500,1085833,1126479.5",1,"1,1,1,1,1,1",checked-ok
dgemm,N,N,20,m2048_n64_k512,2048,64,512,OpenBLAS,126.183973,1063667,1077739.75,1147542,1856583,30,6,"1075104.5,1076021,1072125.5,1081812,1079458.5,1085291.5",1,"1,1,1,1,1,1",checked-ok
dgemm,N,N,21,m4096_n32_k256,4096,32,256,OpenBLAS,103.066023,651125,667083.25,1618959,3983500,30,6,"668083.5,667354,665625,664500,666812.5,675292",1,"1,1,1,1,1,1",checked-ok
dgemm,N,N,22,m2048_n17_k257,2048,17,257,OpenBLAS,63.618900,281291,300875.25,324375,463958,30,6,"300271,294979,301833.5,296562.5,301812.5,301479.5",1,"1,1,1,1,1,1",checked-ok
dgemm,N,N,23,m512_n64_k2048,512,64,2048,OpenBLAS,120.731098,1111708,1125541.75,5043375,11840083,30,6,"1121270.5,1124708.5,1122500,1127229.5,1129937.5,1126375",1,"1,1,1,1,1,1",checked-ok
dgemm,N,N,24,m64_n1024_k1024,64,1024,1024,OpenBLAS,224.898672,596792,610562.75,630041,646375,30,6,"600291.5,612750.5,616937,608375,606000,617312.5",1,"1,1,1,1,1,1",checked-ok
dgemm,N,N,25,m64_n2048_k512,64,2048,512,OpenBLAS,236.611244,567250,582635.5,597500,615209,30,6,"577479,582812.5,582853.5,578854,582458.5,584000.5",1,"1,1,1,1,1,1",checked-ok
dgemm,N,N,26,m32_n4096_k256,32,4096,256,OpenBLAS,199.605197,336208,346416.5,368292,583500,30,6,"344750,344791.5,344437.5,348041.5,348354,349187.5",1,"1,1,1,1,1,1",checked-ok
dgemm,N,N,27,m17_n2048_k257,17,2048,257,OpenBLAS,148.612106,120417,128114.25,134250,144042,30,6,"125021,125833.5,128958.5,127458,128770.5,129792",1,"1,1,1,1,1,1",checked-ok
dgemm,N,N,28,m64_n512_k2048,64,512,2048,OpenBLAS,215.509718,622792,637833.25,706709,761875,30,6,"632062.5,635625.5,638291.5,642208.5,642938,637375",1,"1,1,1,1,1,1",checked-ok
dgemm,N,N,29,m1024_n1024_k64,1024,1024,64,OpenBLAS,207.032831,648292,659729,751791,761709,30,6,"658229.5,661833,659791.5,657041.5,662833.5,659666.5",1,"1,1,1,1,1,1",checked-ok
dgemm,N,N,30,m1024_n1024_k128,1024,1024,128,OpenBLAS,232.604783,1154041,1165698,1318792,1477083,30,6,"1168500,1162896,1161313,1162854.5,1175125,1178416.5",1,"1,1,1,1,1,1",checked-ok
dgemm,N,N,31,m1024_n1024_k256,1024,1024,256,OpenBLAS,249.364322,2152958,2189989.75,2327666,2474708,30,6,"2176375.5,2188042,2186291.5,2191937.5,2207729,2222458.5",1,"1,1,1,1,1,1",checked-ok
dgemm,N,N,32,m256_n256_k2048,256,256,2048,OpenBLAS,206.085835,1302542,1341624.75,1931167,2120708,30,6,"1327229,1334104.5,1361000.5,1346854,1336395.5,1346937.5",1,"1,1,1,1,1,1",checked-ok
dgemm,N,N,33,m128_n128_k4096,128,128,4096,OpenBLAS,161.659413,830250,846802.5,919834,989500,30,6,"844417,844896,848709,842666.5,850229.5,852833.5",1,"1,1,1,1,1,1",checked-ok
dgemm,N,N,34,m1536_n256_k256,1536,256,256,OpenBLAS,214.529145,938458,957125,1602291,1652292,30,6,"956291.5,963479.5,950250.5,963604.5,954583.5,957958.5",1,"1,1,1,1,1,1",checked-ok
dgemm,N,N,35,m256_n1536_k256,256,1536,256,OpenBLAS,253.946616,792791,806771,872292,899167,30,6,"804333,806041.5,807500.5,803146,822521,817667",1,"1,1,1,1,1,1",checked-ok
dgemm,N,N,36,m512_n256_k768,512,256,768,OpenBLAS,209.861010,959333,997229.25,1382208,1498875,30,6,"974125,1003062,994979,1160978.5,993312.5,999479.5",1,"1,1,1,1,1,1",checked-ok
dgemm,N,N,37,m256_n512_k768,256,512,768,OpenBLAS,228.509642,881042,899031.5,994042,1116000,30,6,"897021,910271.5,898542,898479.5,907812,899521",1,"1,1,1,1,1,1",checked-ok
dgemm,N,N,38,m768_n512_k256,768,512,256,OpenBLAS,233.862747,860875,873625,969708,1399583,30,6,"866583.5,873750,868333.5,873500,883875,875250",1,"1,1,1,1,1,1",checked-ok
dgemm,N,N,39,m512_n768_k256,512,768,256,OpenBLAS,236.936209,849708,886291.75,964833,1067625,30,6,"889541.5,881896,881187.5,889937.5,889771,883042",1,"1,1,1,1,1,1",checked-ok
dgemm,N,N,40,m384_n640_k96,384,640,96,OpenBLAS,205.453635,229667,241427,267416,272625,30,6,"241875,237271,252833,240083.5,240979,246771",1,"1,1,1,1,1,1",checked-ok
dgemm,N,N,41,m640_n384_k96,640,384,96,OpenBLAS,187.586646,251542,266593.5,343458,351750,30,6,"266374.5,258854.5,266125,268229.5,266812.5,269020.5",1,"1,1,1,1,1,1",checked-ok
cgemm,N,N,0,m1_n1_k1,1,1,1,OpenBLAS,0.232810,34.36279296875,35.37493896484375,38.747314453125,39.744140625,30,6,"34.38330078125,35.0137939453125,36.539794921875,35.2987060546875,35.451171875,37.3280029296875",4096,"4096,4096,4096,4096,4096,4096",checked-ok
cgemm,N,N,1,m8_n8_k8,8,8,8,OpenBLAS,41.476430,98.7548828125,101.43017578125,113.56640625,118.3271484375,30,6,"100.9521484375,100.4638671875,101.92919921875,101.6845703125,101.17578125,101.6845703125",1024,"1024,1024,1024,1024,1024,1024",checked-ok
cgemm,N,N,2,m31_n31_k31,31,31,31,OpenBLAS,61.607341,3868.5,3893.8828125,3983.0625,4091.125,30,6,"3893.234375,3894.53125,3910.796875,3891.28125,3882.8125,3898.4375",32,"32,32,32,32,32,32",checked-ok
cgemm,N,N,3,m33_n33_k33,33,33,33,OpenBLAS,75.434138,3811.21875,3964.84375,4067.71875,4165.34375,30,6,"3964.84375,3987.625,3958.328125,3826.171875,3964.84375,3967.46875",32,"32,32,32,32,32,32",checked-ok
cgemm,N,N,4,sq64,64,64,64,OpenBLAS,59.440978,35281.25,41578.0625,47364.5,48250,30,6,"42000,41666.625,42083.375,40500,41171.875,41489.5",4,"4,4,4,4,4,4",checked-ok
cgemm,N,N,5,sq96,96,96,96,OpenBLAS,128.542801,55062.5,59848.875,68270.5,69792,30,6,"60250,60052,59937.25,59760.5,59364.5,58802.25",2,"2,2,2,2,2,2",checked-ok
cgemm,N,N,6,sq128,128,128,128,OpenBLAS,228.326678,73479,82348.875,92208.5,98291.5,30,6,"82281.25,82416.5,83083.25,82114.5,81229.25,83458.25",2,"2,2,2,2,2,2",checked-ok
cgemm,N,N,7,sq192,192,192,192,OpenBLAS,315.741042,179334,183416.5,192041,218875,30,6,"183604,183479,183354,182542,182396,184771",1,"1,1,1,1,1,1",checked-ok
cgemm,N,N,8,sq256,256,256,256,OpenBLAS,396.556524,338458,341771,379125,422125,30,6,"341166.5,341750.5,341791.5,344104,342666.5,341479.5",1,"1,1,1,1,1,1",checked-ok
cgemm,N,N,9,sq384,384,384,384,OpenBLAS,464.619366,974959,987520.75,1545458,1729000,30,6,"986500,987375,989041.5,986979.5,987666.5,989125",1,"1,1,1,1,1,1",checked-ok
cgemm,N,N,10,sq512,512,512,512,OpenBLAS,490.078465,2190959,2223687.25,2288875,2289166,30,6,"2219041.5,2221541.5,2228729.5,2228479.5,2221416.5,2225833",1,"1,1,1,1,1,1",checked-ok
cgemm,N,N,11,sq768,768,768,768,OpenBLAS,523.429778,6923333,7086791.5,16440875,21006584,30,6,"6996500,11312229,7055021,7139271,7093458,7080125",1,"1,1,1,1,1,1",checked-ok
cgemm,N,N,12,sq1024,1024,1024,1024,OpenBLAS,529.881739,16211041,17532333,23726125,27204500,30,6,"16836583,16629770.5,16778416.5,18284771,18228083,18341208.5",1,"1,1,1,1,1,1",checked-ok
cgemm,N,N,13,m63_n65_k17,63,65,17,OpenBLAS,18.825518,29583.25,36026.125,46989.75,47718.75,30,6,"35911.5,34354.125,33927,41666.75,39265.625,36140.75",4,"4,4,4,4,4,4",checked-ok
cgemm,N,N,14,m65_n63_k33,65,63,33,OpenBLAS,34.815149,31052,36875,44708.25,45271,30,6,"37411.5,34833.375,35448,40921.875,37614.625,36338.5",4,"4,4,4,4,4,4",checked-ok
cgemm,N,N,15,m127_n129_k31,127,129,31,OpenBLAS,104.682357,38812.5,43690,49812.5,51500,30,6,"43656.125,43552,41786.5,46979.5,45937.5,43723.875",4,"4,2,4,2,4,4",checked-ok
cgemm,N,N,16,m129_n127_k33,129,127,33,OpenBLAS,98.671381,43833.5,53046.875,70437.5,75208,30,6,"53260.25,53416.5,52833.5,52437.5,56635.5,52406.25",2,"2,2,2,2,2,2",checked-ok
cgemm,N,N,17,m1_n4096_k256,1,4096,256,OpenBLAS,58.186742,144167,153958.5,254750,318667,30,6,"151083.5,153937.5,153979.5,160104.5,195521.5,153146",1,"1,1,1,1,1,1",checked-ok
cgemm,N,N,18,m4096_n1_k256,4096,1,256,OpenBLAS,42.572690,197042,209937.25,242334,246667,30,6,"203667,209666.5,210583.5,209041.5,231479.5,210208",1,"1,1,1,1,1,1",checked-ok
cgemm,N,N,19,m1024_n64_k1024,1024,64,1024,OpenBLAS,309.792794,1733000,1757135.5,30447875,30837375,30,6,"1754125,1756646,1755375,1760208.5,1826395.5,1757625",1,"1,1,1,1,1,1",checked-ok
cgemm,N,N,20,m2048_n64_k512,2048,64,512,OpenBLAS,307.163735,1747833,1774656.25,2173459,2497833,30,6,"1769771,1772625,1767000,1777062,1790583.5,1776687.5",1,"1,1,1,1,1,1",checked-ok
cgemm,N,N,21,m4096_n32_k256,4096,32,256,OpenBLAS,270.191702,993500,1009343.75,1059708,1092291,30,6,"1007250,1004479,1009292,1009479,1009395.5,1012229.5",1,"1,1,1,1,1,1",checked-ok
cgemm,N,N,22,m2048_n17_k257,2048,17,257,OpenBLAS,173.671585,412167,429270.75,1315750,10347791,30,6,"431917,428333,429812.5,429812.5,428729,425187.5",1,"1,1,1,1,1,1",checked-ok
cgemm,N,N,23,m512_n64_k2048,512,64,2048,OpenBLAS,286.751722,1872250,1891989.5,2003792,3163000,30,6,"1892104,1890104,1890687.5,1891875,1894104,1893291.5",1,"1,1,1,1,1,1",checked-ok
cgemm,N,N,24,m64_n1024_k1024,64,1024,1024,OpenBLAS,511.691104,1049209,1061604.5,1248375,1281209,30,6,"1058625,1092104.5,1101896,1056625,1063937.5,1059271.5",1,"1,1,1,1,1,1",checked-ok
cgemm,N,N,25,m64_n2048_k512,64,2048,512,OpenBLAS,530.090524,1012791,1022270.75,1101667,1377083,30,6,"1020146,1046708,1023333,1020437.5,1042666.5,1021208.5",1,"1,1,1,1,1,1",checked-ok
cgemm,N,N,26,m32_n4096_k256,32,4096,256,OpenBLAS,479.492020,559833,573396,620958,695750,30,6,"573229.5,574145.5,567499.5,575395.5,568146,573562.5",1,"1,1,1,1,1,1",checked-ok
cgemm,N,N,27,m17_n2048_k257,17,2048,257,OpenBLAS,351.825419,203458,208822.75,215583,223083,30,6,"208666.5,211396,208729,208521,208916.5,210333",1,"1,1,1,1,1,1",checked-ok
cgemm,N,N,28,m64_n512_k2048,64,512,2048,OpenBLAS,498.525803,1076917,1090250,1114334,1246208,30,6,"1086437.5,1090999.5,1090646,1093000,1089854,1088459",1,"1,1,1,1,1,1",checked-ok
cgemm,N,N,29,m1024_n1024_k64,1024,1024,64,OpenBLAS,476.072629,1127708,1139385,1364416,1612417,30,6,"1131625,1138645.5,1141812.5,1143313,1140124.5,1138125",1,"1,1,1,1,1,1",checked-ok
cgemm,N,N,30,m1024_n1024_k128,1024,1024,128,OpenBLAS,506.611513,2119458,2152791.75,2251500,2460375,30,6,"2128187.5,2146812.5,2158771,2142229.5,2159437.5,2163479",1,"1,1,1,1,1,1",checked-ok
cgemm,N,N,31,m1024_n1024_k256,1024,1024,256,OpenBLAS,527.038353,4074625,4200083.25,4455875,4575875,30,6,"4142416.5,4197479,4217562.5,4198354.5,4225791.5,4201812",1,"1,1,1,1,1,1",checked-ok
cgemm,N,N,32,m256_n256_k2048,256,256,2048,OpenBLAS,423.984926,2532500,2562416.5,4773625,6352542,30,6,"2542125.5,4451604,2555937,2561645.5,2566833,2563187.5",1,"1,1,1,1,1,1",checked-ok
cgemm,N,N,33,m128_n128_k4096,128,128,4096,OpenBLAS,367.290124,1461708,1476604.25,1545875,1670041,30,6,"1474167,1473542,1476604.5,1476604,1479333.5,1485146",1,"1,1,1,1,1,1",checked-ok
cgemm,N,N,34,m1536_n256_k256,1536,256,256,OpenBLAS,472.724692,1703542,1721427,2198417,2879375,30,6,"1715937.5,1724917,1720604.5,1720791.5,1722062.5,1723542",1,"1,1,1,1,1,1",checked-ok
cgemm,N,N,35,m256_n1536_k256,256,1536,256,OpenBLAS,540.413503,1490167,1526885.75,1754500,1772875,30,6,"1506041.5,1522104.5,1531667,1542541.5,1521187.5,1544291.5",1,"1,1,1,1,1,1",checked-ok
cgemm,N,N,36,m512_n256_k768,512,256,768,OpenBLAS,449.536215,1791416,1812322.75,1965416,2843542,30,6,"1803583.5,1806312.5,1813437.5,1811208,1815104,1820729.5",1,"1,1,1,1,1,1",checked-ok
cgemm,N,N,37,m256_n512_k768,256,512,768,OpenBLAS,502.061327,1604000,1668573,1729292,2612042,30,6,"1655145.5,1679875,1672166.5,1663687.5,1671375.5,1665770.5",1,"1,1,1,1,1,1",checked-ok
cgemm,N,N,38,m768_n512_k256,768,512,256,OpenBLAS,509.889271,1579375,1612895.75,2823666,2910000,30,6,"1601499.5,1608479,1611979,1613812.5,2390667,1615312.5",1,"1,1,1,1,1,1",checked-ok
cgemm,N,N,39,m512_n768_k256,512,768,256,OpenBLAS,499.221305,1613125,1655927,2761292,2783875,30,6,"1642645.5,1659583.5,1663667,1652270.5,1746520.5,1643270.5",1,"1,1,1,1,1,1",checked-ok
cgemm,N,N,40,m384_n640_k96,384,640,96,OpenBLAS,474.130284,398084,408499.75,650917,698333,30,6,"407458.5,409291.5,638687.5,407708,410333,406895.5",1,"1,1,1,1,1,1",checked-ok
cgemm,N,N,41,m640_n384_k96,640,384,96,OpenBLAS,442.066152,426958,432562.5,636500,638084,30,6,"432354.5,430312.5,630271,433000.5,432521,432604",1,"1,1,1,1,1,1",checked-ok
zgemm,N,N,0,m1_n1_k1,1,1,1,OpenBLAS,0.234896,34.0576171875,35.46142578125,40.395263671875,41.046142578125,30,6,"34.8612060546875,35.15625,35.7666015625,34.0831298828125,36.2039794921875,38.1063232421875",4096,"4096,4096,4096,4096,4096,4096",checked-ok
zgemm,N,N,1,m8_n8_k8,8,8,8,OpenBLAS,26.234896,156.1279296875,163.83837890625,172.2412109375,176.6767578125,30,6,"164.7333984375,160.33935546875,162.943359375,161.94677734375,169.7587890625,166.8701171875",1024,"1024,1024,1024,1024,1024,1024",checked-ok
zgemm,N,N,2,m31_n31_k31,31,31,31,OpenBLAS,38.005920,6270.8125,6526.03125,6552.0625,6789.0625,30,6,"6291.65625,6523.4375,6529.96875,6528.625,6528.65625,6513.03125",16,"16,16,16,16,16,16",checked-ok
zgemm,N,N,3,m33_n33_k33,33,33,33,OpenBLAS,43.006937,6684.875,7293.625,7479.1875,7598.9375,30,6,"6748.6875,7286.5,7300.75,7065.09375,7308.5625,7302.0625",16,"16,16,16,16,16,16",checked-ok
zgemm,N,N,4,sq64,64,64,64,OpenBLAS,51.675309,40583.25,46281.1875,52875,54104.25,30,6,"44609.375,47250,46307.25,44843.75,47640.625,46255.125",4,"4,2,4,4,4,4",checked-ok
zgemm,N,N,5,sq96,96,96,96,OpenBLAS,102.084678,69333.5,76593.875,124875,157250,30,6,"76594,76854,76052.25,84229.5,76083.5,76593.75",2,"2,2,2,1,2,2",checked-ok
zgemm,N,N,6,sq128,128,128,128,OpenBLAS,148.196839,113209,118260.5,145959,170250,30,6,"118833.5,119979.5,118167,117979.5,117458,118354",1,"1,1,1,1,1,1",checked-ok
zgemm,N,N,7,sq192,192,192,192,OpenBLAS,200.228804,282792,286395.75,403958,420125,30,6,"374312,286146,286645.5,285354,286646,285959",1,"1,1,1,1,1,1",checked-ok
zgemm,N,N,8,sq256,256,256,256,OpenBLAS,224.272594,598458,606031.5,750166,788333,30,6,"604916.5,607083,609104.5,606917,604896,605146",1,"1,1,1,1,1,1",checked-ok
zgemm,N,N,9,sq384,384,384,384,OpenBLAS,237.943444,1903750,1929937.5,2979292,3241916,30,6,"1917708.5,1930396,1957271,1929479,1944770.5,1918708.5",1,"1,1,1,1,1,1",checked-ok
zgemm,N,N,10,sq512,512,512,512,OpenBLAS,245.850465,4367459,4509635.25,6792291,7310958,30,6,"4419791.5,4510541.5,4548625,4433375,4595166.5,4508729",1,"1,1,1,1,1,1",checked-ok
zgemm,N,N,11,sq768,768,768,768,OpenBLAS,257.848539,14054292,15050239.5,16864625,22480166,30,6,"14818270.5,14796083.5,14926521,15549500,15173958,15410416.5",1,"1,1,1,1,1,1",checked-ok
zgemm,N,N,12,sq1024,1024,1024,1024,OpenBLAS,263.200908,32636417,36707145.75,58224250,82834959,30,6,"35154146,33913250,36399708,37014583.5,37508479,41407625",1,"1,1,1,1,1,1",checked-ok
zgemm,N,N,13,m63_n65_k17,63,65,17,OpenBLAS,17.845281,31208.25,40169.1875,51292,51750,30,6,"46328.125,39614.5,35291.625,48843.75,40723.875,35369.75",4,"4,4,4,2,4,4",checked-ok
zgemm,N,N,14,m65_n63_k33,65,63,33,OpenBLAS,30.248884,35739.5,41414.0625,53791.5,55250,30,6,"43067.75,41260.375,38250.125,48271,41567.75,39697.875",4,"4,4,4,2,4,4",checked-ok
zgemm,N,N,15,m127_n129_k31,127,129,31,OpenBLAS,85.162686,47708.5,54479.125,72187.5,72812.5,30,6,"54958.5,68073,52447.75,55979.25,53999.75,51156",2,"2,2,2,2,2,2",checked-ok
zgemm,N,N,16,m129_n127_k33,129,127,33,OpenBLAS,77.842286,55562.5,63411.25,76104,77437.5,30,6,"63364.25,73479.25,59062.5,65406.25,63458.25,60718.75",2,"2,2,2,2,2,2",checked-ok
zgemm,N,N,17,m1_n4096_k256,1,4096,256,OpenBLAS,36.678245,228708,244531.25,297500,401792,30,6,"257354.5,244229,239354.5,272812.5,244833.5,241395.5",1,"1,1,1,1,1,1",checked-ok
zgemm,N,N,18,m4096_n1_k256,4096,1,256,OpenBLAS,27.594105,304000,312427.25,361916,450541,30,6,"311229.5,308958.5,309500,313625,338500.5,338458",1,"1,1,1,1,1,1",checked-ok
zgemm,N,N,19,m1024_n64_k1024,1024,64,1024,OpenBLAS,165.858721,3236917,3257958.5,3377084,3452042,30,6,"3251354.5,3266250,3258729.5,3259333,3251979,3257187.5",1,"1,1,1,1,1,1",checked-ok
zgemm,N,N,20,m2048_n64_k512,2048,64,512,OpenBLAS,166.119582,3231834,3277093.75,18244458,21592292,30,6,"3275770.5,3280291.5,3274083.5,3271062.5,3289875,3278417",1,"1,1,1,1,1,1",checked-ok
zgemm,N,N,21,m4096_n32_k256,4096,32,256,OpenBLAS,149.827925,1791625,1821750,1932333,3528083,30,6,"1812437.5,1817896,1828708,1826770.5,1813708,1825604",1,"1,1,1,1,1,1",checked-ok
zgemm,N,N,22,m2048_n17_k257,2048,17,257,OpenBLAS,92.368484,774958,791291.5,9201792,10892292,30,6,"790625,796167,788917,789375,795874.5,791958",1,"1,1,1,1,1,1",checked-ok
zgemm,N,N,23,m512_n64_k2048,512,64,2048,OpenBLAS,162.957727,3294541,3320677,4235042,21849708,30,6,"3314541.5,3323646,3318500,3323938,3313438,3322854",1,"1,1,1,1,1,1",checked-ok
zgemm,N,N,24,m64_n1024_k1024,64,1024,1024,OpenBLAS,247.448712,2169625,2221052.25,2408917,2469041,30,6,"2186250,2243333,2267562.5,2184437.5,2208229,2233875.5",1,"1,1,1,1,1,1",checked-ok
zgemm,N,N,25,m64_n2048_k512,64,2048,512,OpenBLAS,255.434966,2101791,2163427,2278417,2467958,30,6,"2126124.5,2200521,2154520.5,2129833,2207333.5,2172333.5",1,"1,1,1,1,1,1",checked-ok
zgemm,N,N,26,m32_n4096_k256,32,4096,256,OpenBLAS,242.726584,1105917,1119948,1150334,1212041,30,6,"1117917,1122750,1117750,1121979,1113708.5,1131396",1,"1,1,1,1,1,1",checked-ok
zgemm,N,N,27,m17_n2048_k257,17,2048,257,OpenBLAS,206.336663,346917,354156,426625,426792,30,6,"351583.5,352083.5,424145.5,354395.5,353916.5,370125",1,"1,1,1,1,1,1",checked-ok
zgemm,N,N,28,m64_n512_k2048,64,512,2048,OpenBLAS,245.651298,2185500,2267500,2357625,2411917,30,6,"2251042,2267812,2267188,2253000,2314042,2290938",1,"1,1,1,1,1,1",checked-ok
zgemm,N,N,29,m1024_n1024_k64,1024,1024,64,OpenBLAS,232.508176,2309041,2367791.5,2445375,2526250,30,6,"2361416.5,2366749.5,2368833.5,2373146,2369396.5,2365937.5",1,"1,1,1,1,1,1",checked-ok
zgemm,N,N,30,m1024_n1024_k128,1024,1024,128,OpenBLAS,245.880978,4366917,4522479.5,7000250,7122708,30,6,"4479583.5,4516625.5,4553792,4533625.5,4504020.5,4528333.5",1,"1,1,1,1,1,1",checked-ok
zgemm,N,N,31,m1024_n1024_k256,1024,1024,256,OpenBLAS,248.256830,8650250,8971083.25,12048834,12281917,30,6,"8945229,8950062.5,8992104,9068666.5,9137875,8861500",1,"1,1,1,1,1,1",checked-ok
zgemm,N,N,32,m256_n256_k2048,256,256,2048,OpenBLAS,227.016711,4729792,4875364.75,8025167,8560917,30,6,"4885562.5,4894416.5,4830250,4920479,4797646,4865167",1,"1,1,1,1,1,1",checked-ok
zgemm,N,N,33,m128_n128_k4096,128,128,4096,OpenBLAS,204.837663,2620958,2659156.25,3253250,3328792,30,6,"2663479.5,2660542,2673187.5,2657770.5,2654229.5,2657666.5",1,"1,1,1,1,1,1",checked-ok
zgemm,N,N,34,m1536_n256_k256,1536,256,256,OpenBLAS,237.883942,3385291,3491958.25,3992541,20610625,30,6,"3504229.5,3500271,3501520.5,3474916.5,3483645.5,3455312.5",1,"1,1,1,1,1,1",checked-ok
zgemm,N,N,35,m256_n1536_k256,256,1536,256,OpenBLAS,264.493793,3044708,3149656.5,4289542,4292208,30,6,"3121562,3129646,3132750.5,3263875,3166562.5,3205583.5",1,"1,1,1,1,1,1",checked-ok
zgemm,N,N,36,m512_n256_k768,512,256,768,OpenBLAS,233.470115,3449291,3561448,5352666,6010875,30,6,"3540250,3563104.5,3595813,3559791.5,3551562.5,3567791.5",1,"1,1,1,1,1,1",checked-ok
zgemm,N,N,37,m256_n512_k768,256,512,768,OpenBLAS,241.492319,3334708,3548010.25,3891333,3924000,30,6,"3555833,3551187,3545729,3529375.5,3550291.5,3480146",1,"1,1,1,1,1,1",checked-ok
zgemm,N,N,38,m768_n512_k256,768,512,256,OpenBLAS,246.195771,3271000,3338677.25,5144000,5364459,30,6,"3352229,3337625,3339729.5,3354958,3331104,3320791.5",1,"1,1,1,1,1,1",checked-ok
zgemm,N,N,39,m512_n768_k256,512,768,256,OpenBLAS,241.362616,3336500,3429979.25,3523041,3652125,30,6,"3424833.5,3449208.5,3463666.5,3435125,3420646,3414125",1,"1,1,1,1,1,1",checked-ok
zgemm,N,N,40,m384_n640_k96,384,640,96,OpenBLAS,235.206634,802459,823625,860583,958500,30,6,"830458.5,827042,822541.5,824021,823229,816271",1,"1,1,1,1,1,1",checked-ok
zgemm,N,N,41,m640_n384_k96,640,384,96,OpenBLAS,227.413258,829959,842156,1353750,1966500,30,6,"842166.5,839063,839645.5,848541.5,842145.5,842354.5",1,"1,1,1,1,1,1",checked-ok
