group,op,variant,library,library_path,n,incx,incy,copy_bytes,copy_kind,copy_elements,seconds,repeat,metric,process_repeats,successful_repeats,metric_min,metric_median,metric_max,metric_samples,status,returncode,rate_gops,bandwidth_gbps,symbol,abi_surface,preflight_symbol,preflight_abi_surface,capability_status,check_status,check_max_abs_error,check_memory_status,check_raw_output,raw_output
copy,scopy,default,Zynum,libzynum_blas.dylib,2048,1,1,8192,s,2048,1,4,bandwidth_gbps,6,6,314.541,508.7315,527.182,"523.07799999999997,316.08300000000003,494.38499999999999,314.541,527.18200000000002,524.06799999999998",ok,0,,527.182,scopy_,fortran,scopy_,fortran,supported,sampled-ok,0,unit-span-ok,,
copy,dcopy,default,Zynum,libzynum_blas.dylib,1048576,1,1,8388608,d,1048576,1,0,bandwidth_gbps,6,6,255.6,292.199,316.928,"316.928,288.76600000000002,296.43099999999998,295.63200000000001,255.59999999999999,279.68900000000002",ok,0,,316.928,dcopy_,fortran,dcopy_,fortran,supported,sampled-ok,0,unit-span-ok,,
swap,sswap,default,Zynum,libzynum_blas.dylib,1048576,1,1,,,,1,0,bandwidth_gbps,6,6,386.948,444.84950000000003,505.513,"505.51299999999998,467.63299999999998,436.75700000000001,437.75200000000001,451.947,386.94799999999998",ok,0,31.595,505.513,sswap_,fortran,sswap_,fortran,supported,sampled-ok,0,guarded-ok,,
swap,dswap,default,Zynum,libzynum_blas.dylib,1048576,1,1,,,,1,0,bandwidth_gbps,6,6,356.226,413.689,437.152,"437.15199999999999,429.029,407.20800000000003,420.17000000000002,356.226,372.06299999999999",ok,0,13.661,437.152,dswap_,fortran,dswap_,fortran,supported,sampled-ok,0,guarded-ok,,
swap,cswap,default,Zynum,libzynum_blas.dylib,1048576,1,1,,,,1,0,bandwidth_gbps,6,6,370.231,401.9425,437.971,"437.971,398.83699999999999,429.976,376.798,370.23099999999999,405.048",ok,0,13.687,437.971,cswap_,fortran,cswap_,fortran,supported,sampled-ok,0,guarded-ok,,
swap,zswap,default,Zynum,libzynum_blas.dylib,1048576,1,1,,,,1,4,bandwidth_gbps,6,6,160.005,166.60950000000003,183.702,"174.15199999999999,170.52000000000001,161.62700000000001,160.005,183.702,162.69900000000001",ok,0,2.87,183.702,zswap_,fortran,zswap_,fortran,supported,sampled-ok,0,guarded-ok,,
index,isamax,default,Zynum,libzynum_blas.dylib,1048576,1,1,,,,1,0,bandwidth_gbps,6,6,89.561,94.25399999999999,106.476,"106.476,93.325999999999993,89.561000000000007,90.688000000000002,95.629000000000005,95.182000000000002",ok,0,26.619,106.476,isamax_,fortran,isamax_,fortran,supported,sampled-ok,0,guarded-ok,,
index,idamax,default,Zynum,libzynum_blas.dylib,1048576,1,1,,,,1,0,bandwidth_gbps,6,6,90.518,93.0155,99.304,"99.304000000000002,92.180000000000007,91.707999999999998,90.518000000000001,93.850999999999999,97.640000000000001",ok,0,12.413,99.304,idamax_,fortran,idamax_,fortran,supported,sampled-ok,0,guarded-ok,,
index,icamax,default,Zynum,libzynum_blas.dylib,1048576,1,1,,,,1,1,bandwidth_gbps,6,6,207.865,218.5595,224.962,"224.786,224.96199999999999,209.495,216.816,207.86500000000001,220.303",ok,0,28.12,224.962,icamax_,fortran,icamax_,fortran,supported,sampled-ok,0,guarded-ok,,
index,izamax,default,Zynum,libzynum_blas.dylib,1048576,1,1,,,,1,0,bandwidth_gbps,6,6,172.953,224.173,246.218,"246.21799999999999,243.05500000000001,214.697,233.649,172.953,195.95699999999999",ok,0,15.389,246.218,izamax_,fortran,izamax_,fortran,supported,sampled-ok,0,guarded-ok,,
real_f32,sscal,default,Zynum,libzynum_blas.dylib,1048576,1,1,,,,1,4,rate_gops,6,6,52.554,54.1315,54.476,"54.332999999999998,53.826000000000001,54.179000000000002,52.554000000000002,54.475999999999999,54.084000000000003",ok,0,54.476,435.811,sscal_,fortran,sscal_,fortran,supported,sampled-ok,1.49011612e-08,guarded-ok,,
real_f32,saxpy,default,Zynum,libzynum_blas.dylib,1048576,1,1,,,,1,1,rate_gops,6,6,68.223,74.1285,75.963,"75.622,75.962999999999994,72.778000000000006,71.686999999999998,75.478999999999999,68.222999999999999",ok,0,75.963,303.851,saxpy_,fortran,saxpy_,fortran,supported,sampled-ok,2.98023224e-08,guarded-ok,,
real_f32,sdot,default,Zynum,libzynum_blas.dylib,1048576,1,1,,,,1,0,rate_gops,6,6,203.449,213.3065,229.246,"229.24600000000001,209.90299999999999,203.44900000000001,220.148,208.49199999999999,216.71000000000001",ok,0,229.246,916.983,cblas_sdot,cblas,cblas_sdot,cblas,supported,sampled-ok,7.0378776e-08,guarded-ok,,
real_f32,sasum,default,Zynum,libzynum_blas.dylib,1048576,1,1,,,,1,5,rate_gops,6,6,60.364,61.6415,63.137,"61.405000000000001,60.759,62.030999999999999,60.363999999999997,61.878,63.137",ok,0,63.137,252.549,cblas_sasum,cblas,cblas_sasum,cblas,supported,sampled-ok,9.88831744e-07,guarded-ok,,
real_f32,snrm2,default,Zynum,libzynum_blas.dylib,1048576,1,1,,,,1,0,rate_gops,6,6,60.651,61.86,62.645,"62.645000000000003,61.759999999999998,61.960000000000001,61.478999999999999,60.651000000000003,62.506",ok,0,62.645,125.291,cblas_snrm2,cblas,cblas_snrm2,cblas,supported,sampled-ok,1.14720778e-07,guarded-ok,,
real_f32,srot,default,Zynum,libzynum_blas.dylib,1048576,1,1,,,,1,5,rate_gops,6,6,92.517,92.8725,93.376,"92.853999999999999,92.734999999999999,92.516999999999996,92.891000000000005,93.168000000000006,93.376000000000005",ok,0,93.376,249.003,srot_,fortran,srot_,fortran,supported,sampled-ok,3.7789345e-08,guarded-ok,,
real_f32,srotm,flag_m1,Zynum,libzynum_blas.dylib,1048576,1,1,,,,1,4,rate_gops,6,6,89.119,92.876,93.513,"92.875,92.837000000000003,89.119,92.876999999999995,93.513000000000005,93.173000000000002",ok,0,93.513,249.368,srotm_,fortran,srotm_,fortran,supported,sampled-ok,5.36441803e-08,guarded-ok,,
real_f32,srotm,flag_0,Zynum,libzynum_blas.dylib,1048576,1,1,,,,1,5,rate_gops,6,6,60.828,62.0405,62.287,"62.090000000000003,62.006,61.972000000000001,60.828000000000003,62.075000000000003,62.286999999999999",ok,0,62.287,249.15,srotm_,fortran,srotm_,fortran,supported,sampled-ok,1.47847459e-08,guarded-ok,,
real_f32,srotm,flag_p1,Zynum,libzynum_blas.dylib,1048576,1,1,,,,1,4,rate_gops,6,6,61.618,61.9375,62.225,"61.926000000000002,61.948999999999998,61.618000000000002,61.872,62.225000000000001,62.161999999999999",ok,0,62.225,248.9,srotm_,fortran,srotm_,fortran,supported,sampled-ok,1.47847459e-08,guarded-ok,,
real_f64,dscal,default,Zynum,libzynum_blas.dylib,1048576,1,1,,,,1,0,rate_gops,6,6,29.354,32.453500000000005,33.288,"33.287999999999997,33.078000000000003,29.353999999999999,32.063000000000002,32.844000000000001,31.177",ok,0,33.288,532.606,dscal_,fortran,dscal_,fortran,supported,sampled-ok,0,guarded-ok,,
real_f64,daxpy,default,Zynum,libzynum_blas.dylib,1048576,1,1,,,,1,0,rate_gops,6,6,27.607,32.052,33.787,"33.786999999999999,33.314999999999998,31.992000000000001,32.112000000000002,31.257000000000001,27.606999999999999",ok,0,33.787,270.296,daxpy_,fortran,daxpy_,fortran,supported,sampled-ok,1.11022302e-16,guarded-ok,,
real_f64,ddot,default,Zynum,libzynum_blas.dylib,1048576,1,1,,,,1,0,rate_gops,6,6,33.826,40.3925,42.945,"42.945,40.344000000000001,40.441000000000003,41.648000000000003,33.826000000000001,39.460999999999999",ok,0,42.945,343.563,cblas_ddot,cblas,cblas_ddot,cblas,supported,sampled-ok,2.77555756e-16,guarded-ok,,
real_f64,dasum,default,Zynum,libzynum_blas.dylib,1048576,1,1,,,,1,5,rate_gops,6,6,30.511,31.669,33.566,"31.355,30.788,33.158999999999999,30.510999999999999,31.983000000000001,33.566000000000003",ok,0,33.566,268.531,cblas_dasum,cblas,cblas_dasum,cblas,supported,sampled-ok,1.42108547e-14,guarded-ok,,
real_f64,dnrm2,default,Zynum,libzynum_blas.dylib,1048576,1,1,,,,1,0,rate_gops,6,6,42.079,43.708,45.574,"45.573999999999998,43.539999999999999,43.875999999999998,42.692,42.079000000000001,45.439",ok,0,45.574,182.297,cblas_dnrm2,cblas,cblas_dnrm2,cblas,supported,sampled-ok,0,guarded-ok,,
real_f64,drot,default,Zynum,libzynum_blas.dylib,1048576,1,1,,,,1,4,rate_gops,6,6,67.007,73.9985,79.875,"79.825000000000003,75.891999999999996,72.105000000000004,67.007000000000005,79.875,69.899000000000001",ok,0,79.875,425.998,drot_,fortran,drot_,fortran,supported,sampled-ok,1.11022302e-16,guarded-ok,,
real_f64,drotm,flag_m1,Zynum,libzynum_blas.dylib,1048576,1,1,,,,1,0,rate_gops,6,6,67.104,73.042,79.834,"79.834000000000003,73.861000000000004,70.462999999999994,72.222999999999999,77.040000000000006,67.103999999999999",ok,0,79.834,425.782,drotm_,fortran,drotm_,fortran,supported,sampled-ok,1.11022302e-16,guarded-ok,,
real_f64,drotm,flag_0,Zynum,libzynum_blas.dylib,1048576,1,1,,,,1,0,rate_gops,6,6,43.629,50.2115,53.71,"53.710000000000001,51.121000000000002,51.200000000000003,49.302,43.628999999999998,43.807000000000002",ok,0,53.71,429.677,drotm_,fortran,drotm_,fortran,supported,sampled-ok,0,guarded-ok,,
real_f64,drotm,flag_p1,Zynum,libzynum_blas.dylib,1048576,1,1,,,,1,0,rate_gops,6,6,43.225,47.7405,53.354,"53.353999999999999,51.07,48.375999999999998,43.225000000000001,47.104999999999997,45.460999999999999",ok,0,53.354,426.828,drotm_,fortran,drotm_,fortran,supported,sampled-ok,0,guarded-ok,,
mixed_dot,sdsdot,default,Zynum,libzynum_blas.dylib,1048576,1,1,,,,1,0,rate_gops,6,6,20.259,21.0015,22.642,"22.641999999999999,21.056999999999999,20.263000000000002,20.946000000000002,20.259,21.175999999999998",ok,0,22.642,90.566,cblas_sdsdot,cblas,cblas_sdsdot,cblas,supported,sampled-ok,0,guarded-ok,,
mixed_dot,dsdot,default,Zynum,libzynum_blas.dylib,1048576,1,1,,,,1,0,rate_gops,6,6,19.897,21.567999999999998,22.653,"22.652999999999999,21.366,21.094000000000001,19.896999999999998,21.77,21.809000000000001",ok,0,22.653,90.611,cblas_dsdot,cblas,cblas_dsdot,cblas,supported,sampled-ok,1.11022302e-16,guarded-ok,,
complex_f32,csscal,default,Zynum,libzynum_blas.dylib,1048576,1,1,,,,1,4,rate_gops,6,6,65.624,66.245,67.507,"66.432000000000002,65.623999999999995,65.861000000000004,66.171000000000006,67.507000000000005,66.319000000000003",ok,0,67.507,540.058,csscal_,fortran,csscal_,fortran,supported,sampled-ok,2.10734243e-08,guarded-ok,,
complex_f32,cscal,default,Zynum,libzynum_blas.dylib,1048576,1,1,,,,1,5,rate_gops,6,6,188.108,191.69600000000003,201.81,"192.52000000000001,189.649,188.108,190.87200000000001,196.59,201.81",ok,0,201.81,538.159,cscal_,fortran,cscal_,fortran,supported,sampled-ok,1.66600047e-08,guarded-ok,,
complex_f32,caxpy,default,Zynum,libzynum_blas.dylib,1048576,1,1,,,,1,4,rate_gops,6,6,81.436,89.6465,91.477,"90.775999999999996,81.436000000000007,89.742000000000004,85.373999999999995,91.477000000000004,89.551000000000002",ok,0,91.477,182.953,caxpy_,fortran,caxpy_,fortran,supported,sampled-ok,4.71216092e-08,guarded-ok,,
complex_f32,cdotu,default,Zynum,libzynum_blas.dylib,1048576,1,1,,,,1,0,rate_gops,6,6,43.316,44.5465,47.678,"47.677999999999997,43.472000000000001,43.316000000000003,44.694000000000003,44.399000000000001,45.002000000000002",ok,0,47.678,95.357,cdotu_sub_,fortran,cdotu_sub_,fortran,supported,sampled-ok,3.69097646e-07,guarded-ok,,
complex_f32,cdotc,default,Zynum,libzynum_blas.dylib,1048576,1,1,,,,1,0,rate_gops,6,6,42.265,44.4025,46.664,"46.664000000000001,43.305,44.616999999999997,42.265000000000001,44.188000000000002,46.033999999999999",ok,0,46.664,93.328,cdotc_sub_,fortran,cdotc_sub_,fortran,supported,sampled-ok,2.99521111e-07,guarded-ok,,
complex_f32,scasum,default,Zynum,libzynum_blas.dylib,1048576,1,1,,,,1,4,rate_gops,6,6,57.783,62.6675,67.189,"62.656999999999996,65.674000000000007,57.783000000000001,61.853000000000002,67.188999999999993,62.677999999999997",ok,0,67.189,268.756,cblas_scasum,cblas,cblas_scasum,cblas,supported,sampled-ok,9.78156459e-06,guarded-ok,,
complex_f32,scnrm2,default,Zynum,libzynum_blas.dylib,1048576,1,1,,,,1,4,rate_gops,6,6,73.327,78.579,79.435,"78.688999999999993,78.468999999999994,78.090999999999994,73.326999999999998,79.435000000000002,79.367999999999995",ok,0,79.435,158.871,cblas_scnrm2,cblas,cblas_scnrm2,cblas,supported,sampled-ok,2.58202848e-07,guarded-ok,,
complex_f32,csrot,default,Zynum,libzynum_blas.dylib,1048576,1,1,,,,1,0,rate_gops,6,6,141.839,148.387,160.542,"160.542,148.678,148.096,142.03100000000001,157.036,141.839",ok,0,160.542,428.112,csrot_,fortran,csrot_,fortran,supported,sampled-ok,3.95626398e-08,guarded-ok,,
complex_f64,zdscal,default,Zynum,libzynum_blas.dylib,1048576,1,1,,,,1,4,rate_gops,6,6,12.129,12.768,16.009,"13.004,12.532,12.346,12.129,16.009,15.526999999999999",ok,0,16.009,256.139,zdscal_,fortran,zdscal_,fortran,supported,sampled-ok,0,guarded-ok,,
complex_f64,zscal,default,Zynum,libzynum_blas.dylib,1048576,1,1,,,,1,4,rate_gops,6,6,46.303,51.915,58.158,"51.780999999999999,51.154000000000003,52.048999999999999,46.302999999999997,58.158000000000001,57.003",ok,0,58.158,310.175,zscal_,fortran,zscal_,fortran,supported,sampled-ok,7.85046229e-17,guarded-ok,,
complex_f64,zaxpy,default,Zynum,libzynum_blas.dylib,1048576,1,1,,,,1,4,rate_gops,6,6,21.252,31.754,36.065,"31.859000000000002,27.370999999999999,31.649000000000001,21.251999999999999,36.064999999999998,35.106000000000002",ok,0,36.065,144.26,zaxpy_,fortran,zaxpy_,fortran,supported,sampled-ok,1.11022302e-16,guarded-ok,,
complex_f64,zdotu,default,Zynum,libzynum_blas.dylib,1048576,1,1,,,,1,4,rate_gops,6,6,26.657,32.681,35.041,"31.562999999999999,33.131,32.329000000000001,26.657,35.040999999999997,33.033000000000001",ok,0,35.041,140.163,zdotu_sub_,fortran,zdotu_sub_,fortran,supported,sampled-ok,6.28036983e-16,guarded-ok,,
complex_f64,zdotc,default,Zynum,libzynum_blas.dylib,1048576,1,1,,,,1,0,rate_gops,6,6,30.551,32.6515,33.902,"33.902000000000001,32.442,31.808,30.550999999999998,32.966999999999999,32.860999999999997",ok,0,33.902,135.608,zdotc_sub_,fortran,zdotc_sub_,fortran,supported,sampled-ok,3.34221389e-16,guarded-ok,,
complex_f64,dzasum,default,Zynum,libzynum_blas.dylib,1048576,1,1,,,,1,2,rate_gops,6,6,23.231,27.051499999999997,27.861,"26.745000000000001,27.603000000000002,27.861000000000001,23.231000000000002,26.891999999999999,27.210999999999999",ok,0,27.861,222.885,cblas_dzasum,cblas,cblas_dzasum,cblas,supported,sampled-ok,1.42108547e-14,guarded-ok,,
complex_f64,dznrm2,default,Zynum,libzynum_blas.dylib,1048576,1,1,,,,1,5,rate_gops,6,6,42.253,43.974999999999994,46.977,"45.887,42.368000000000002,43.823999999999998,42.253,44.125999999999998,46.976999999999997",ok,0,46.977,187.908,cblas_dznrm2,cblas,cblas_dznrm2,cblas,supported,sampled-ok,8.8817842e-16,guarded-ok,,
complex_f64,zdrot,default,Zynum,libzynum_blas.dylib,1048576,1,1,,,,1,5,rate_gops,6,6,29.964,31.5215,33.296,"29.963999999999999,30.954999999999998,30.573,32.128,32.088000000000001,33.295999999999999",ok,0,33.296,177.579,zdrot_,fortran,zdrot_,fortran,supported,sampled-ok,1.11886302e-16,guarded-ok,,
copy,scopy,default,Accelerate,Accelerate.framework,2048,1,1,8192,s,2048,1,4,bandwidth_gbps,6,6,250.389,331.94,453.754,"311.53199999999998,345.142,425.911,318.738,453.75400000000002,250.38900000000001",ok,0,,453.754,scopy_,fortran,scopy_,fortran,supported,sampled-ok,0,unit-span-ok,,
copy,dcopy,default,Accelerate,Accelerate.framework,1048576,1,1,8388608,d,1048576,1,4,bandwidth_gbps,6,6,126.21,171.108,228.234,"175.75999999999999,167.83000000000001,173.31800000000001,168.898,228.23400000000001,126.20999999999999",ok,0,,228.234,dcopy_,fortran,dcopy_,fortran,supported,sampled-ok,0,unit-span-ok,,
swap,sswap,default,Accelerate,Accelerate.framework,1048576,1,1,,,,1,0,bandwidth_gbps,6,6,477.868,513.088,522.379,"522.37900000000002,516.66200000000003,509.51400000000001,520.55399999999997,484.18200000000002,477.86799999999999",ok,0,32.649,522.379,sswap_,fortran,sswap_,fortran,supported,sampled-ok,0,guarded-ok,,
swap,dswap,default,Accelerate,Accelerate.framework,1048576,1,1,,,,1,4,bandwidth_gbps,6,6,285.709,321.78,418.172,"317.89999999999998,325.66000000000003,285.709,317.09699999999998,418.17200000000003,372.18200000000002",ok,0,13.068,418.172,dswap_,fortran,dswap_,fortran,supported,sampled-ok,0,guarded-ok,,
swap,cswap,default,Accelerate,Accelerate.framework,1048576,1,1,,,,1,5,bandwidth_gbps,6,6,270.134,321.57349999999997,400.803,"327.887,333.40699999999998,308.428,270.13400000000001,315.25999999999999,400.803",ok,0,12.525,400.803,cswap_,fortran,cswap_,fortran,supported,sampled-ok,0,guarded-ok,,
swap,zswap,default,Accelerate,Accelerate.framework,1048576,1,1,,,,1,5,bandwidth_gbps,6,6,122.494,123.503,135.002,"123.55200000000001,122.538,123.45399999999999,122.494,134.77699999999999,135.00200000000001",ok,0,2.109,135.002,zswap_,fortran,zswap_,fortran,supported,sampled-ok,0,guarded-ok,,
index,isamax,default,Accelerate,Accelerate.framework,1048576,1,1,,,,1,0,bandwidth_gbps,6,6,46.891,53.8715,57.212,"57.212000000000003,53.198999999999998,54.067999999999998,53.674999999999997,46.890999999999998,57.058",ok,0,14.303,57.212,isamax_,fortran,isamax_,fortran,supported,sampled-ok,0,guarded-ok,,
index,idamax,default,Accelerate,Accelerate.framework,1048576,1,1,,,,1,4,bandwidth_gbps,6,6,50.802,55.379000000000005,57.124,"55.316000000000003,55.442,50.802,52.810000000000002,57.124000000000002,56.655999999999999",ok,0,7.14,57.124,idamax_,fortran,idamax_,fortran,supported,sampled-ok,0,guarded-ok,,
index,icamax,default,Accelerate,Accelerate.framework,1048576,1,1,,,,1,4,bandwidth_gbps,6,6,20.633,21.009999999999998,22.069,"20.991,20.632999999999999,20.776,21.664999999999999,22.068999999999999,21.029",ok,0,2.759,22.069,icamax_,fortran,icamax_,fortran,supported,sampled-ok,0,guarded-ok,,
index,izamax,default,Accelerate,Accelerate.framework,1048576,1,1,,,,1,4,bandwidth_gbps,6,6,60.251,61.568,63.118,"62.978000000000002,61.805999999999997,60.436,60.250999999999998,63.118000000000002,61.329999999999998",ok,0,3.945,63.118,izamax_,fortran,izamax_,fortran,supported,sampled-ok,0,guarded-ok,,
real_f32,sscal,default,Accelerate,Accelerate.framework,1048576,1,1,,,,1,1,rate_gops,6,6,55.997,64.22,66.738,"62.976999999999997,66.738,64.745000000000005,55.997,64.593000000000004,63.847000000000001",ok,0,66.738,533.902,sscal_,fortran,sscal_,fortran,supported,sampled-ok,1.49011612e-08,guarded-ok,,
real_f32,saxpy,default,Accelerate,Accelerate.framework,1048576,1,1,,,,1,0,rate_gops,6,6,102.241,108.7345,112.151,"112.151,102.241,109.73699999999999,107.732,107.31,111.926",ok,0,112.151,448.602,saxpy_,fortran,saxpy_,fortran,supported,sampled-ok,2.98023224e-08,guarded-ok,,
real_f32,sdot,default,Accelerate,Accelerate.framework,1048576,1,1,,,,1,0,rate_gops,6,6,205.756,223.59550000000002,247.841,"247.84100000000001,230.501,223.898,223.29300000000001,205.756,221.13",ok,0,247.841,991.365,cblas_sdot,cblas,cblas_sdot,cblas,supported,sampled-ok,1.00181098e-07,guarded-ok,,
real_f32,sasum,default,Accelerate,Accelerate.framework,1048576,1,1,,,,1,5,rate_gops,6,6,60.346,65.0915,67.307,"65.003,66.850999999999999,60.345999999999997,65.180000000000007,63.009999999999998,67.307000000000002",ok,0,67.307,269.229,cblas_sasum,cblas,cblas_sasum,cblas,supported,sampled-ok,9.88831744e-07,guarded-ok,,
real_f32,snrm2,default,Accelerate,Accelerate.framework,1048576,1,1,,,,1,0,rate_gops,6,6,17.083,17.878,18.22,"18.219999999999999,17.963000000000001,17.082999999999998,17.792999999999999,17.998000000000001,17.303999999999998",ok,0,18.22,36.441,cblas_snrm2,cblas,cblas_snrm2,cblas,supported,sampled-ok,1.14720778e-07,guarded-ok,,
real_f32,srot,default,Accelerate,Accelerate.framework,1048576,1,1,,,,1,0,rate_gops,6,6,154.711,195.12849999999997,200.273,"200.273,194.81899999999999,172.20099999999999,154.71100000000001,198.76300000000001,195.43799999999999",ok,0,200.273,534.061,srot_,fortran,srot_,fortran,supported,sampled-ok,4.02092937e-08,guarded-ok,,
real_f32,srotm,flag_m1,Accelerate,Accelerate.framework,1048576,1,1,,,,1,0,rate_gops,6,6,188.063,193.666,199.692,"199.69200000000001,193.18600000000001,188.69900000000001,188.06299999999999,194.696,194.14599999999999",ok,0,199.692,532.513,srotm_,fortran,srotm_,fortran,supported,sampled-ok,5.36441803e-08,guarded-ok,,
real_f32,srotm,flag_0,Accelerate,Accelerate.framework,1048576,1,1,,,,1,0,rate_gops,6,6,127.886,131.2665,133.61,"133.61000000000001,130.98400000000001,129.25999999999999,127.886,131.54900000000001,132.822",ok,0,133.61,534.439,srotm_,fortran,srotm_,fortran,supported,sampled-ok,1.47847459e-08,guarded-ok,,
real_f32,srotm,flag_p1,Accelerate,Accelerate.framework,1048576,1,1,,,,1,0,rate_gops,6,6,121.201,132.204,133.495,"133.495,131.59399999999999,121.20099999999999,127.3,132.81399999999999,132.97999999999999",ok,0,133.495,533.98,srotm_,fortran,srotm_,fortran,supported,sampled-ok,1.47847459e-08,guarded-ok,,
real_f64,dscal,default,Accelerate,Accelerate.framework,1048576,1,1,,,,1,0,rate_gops,6,6,28.66,31.7215,33.332,"33.332000000000001,32.610999999999997,28.66,32.479999999999997,30.920000000000002,30.963000000000001",ok,0,33.332,533.316,dscal_,fortran,dscal_,fortran,supported,sampled-ok,0,guarded-ok,,
real_f64,daxpy,default,Accelerate,Accelerate.framework,1048576,1,1,,,,1,4,rate_gops,6,6,18.468,23.8185,26.368,"24.433,18.468,24.347000000000001,21.379999999999999,26.367999999999999,23.289999999999999",ok,0,26.368,210.945,daxpy_,fortran,daxpy_,fortran,supported,sampled-ok,1.11022302e-16,guarded-ok,,
real_f64,ddot,default,Accelerate,Accelerate.framework,1048576,1,1,,,,1,5,rate_gops,6,6,19.478,23.7795,46.075,"27.338000000000001,21.640000000000001,25,19.478000000000002,22.559000000000001,46.075000000000003",ok,0,46.075,368.601,cblas_ddot,cblas,cblas_ddot,cblas,supported,sampled-ok,3.33066907e-16,guarded-ok,,
real_f64,dasum,default,Accelerate,Accelerate.framework,1048576,1,1,,,,1,5,rate_gops,6,6,31.756,32.811,33.632,"32.042999999999999,33.316000000000003,33.311,31.756,32.311,33.631999999999998",ok,0,33.632,269.052,cblas_dasum,cblas,cblas_dasum,cblas,supported,sampled-ok,1.42108547e-14,guarded-ok,,
real_f64,dnrm2,default,Accelerate,Accelerate.framework,1048576,1,1,,,,1,5,rate_gops,6,6,8.303,8.8565,8.994,"8.9529999999999994,8.7599999999999998,8.3030000000000008,8.5139999999999993,8.9670000000000005,8.9939999999999998",ok,0,8.994,35.978,cblas_dnrm2,cblas,cblas_dnrm2,cblas,supported,sampled-ok,0,guarded-ok,,
real_f64,drot,default,Accelerate,Accelerate.framework,1048576,1,1,,,,1,1,rate_gops,6,6,54.824,56.708,59.169,"59.136000000000003,59.168999999999997,54.823999999999998,56.381999999999998,56.384999999999998,57.030999999999999",ok,0,59.169,315.567,drot_,fortran,drot_,fortran,supported,sampled-ok,1.11022302e-16,guarded-ok,,
real_f64,drotm,flag_m1,Accelerate,Accelerate.framework,1048576,1,1,,,,1,4,rate_gops,6,6,50.567,58.829,74.566,"61.667000000000002,50.567,55.966999999999999,55.991,74.566000000000003,68.756",ok,0,74.566,397.686,drotm_,fortran,drotm_,fortran,supported,sampled-ok,1.11022302e-16,guarded-ok,,
real_f64,drotm,flag_0,Accelerate,Accelerate.framework,1048576,1,1,,,,1,4,rate_gops,6,6,32.987,38.846999999999994,45.081,"39.143999999999998,32.987000000000002,38.549999999999997,33.857999999999997,45.081000000000003,43.167999999999999",ok,0,45.081,360.645,drotm_,fortran,drotm_,fortran,supported,sampled-ok,0,guarded-ok,,
real_f64,drotm,flag_p1,Accelerate,Accelerate.framework,1048576,1,1,,,,1,4,rate_gops,6,6,30.591,37.980999999999995,52.75,"36.158999999999999,39.802999999999997,30.591000000000001,34.808999999999997,52.75,46.704999999999998",ok,0,52.75,422.001,drotm_,fortran,drotm_,fortran,supported,sampled-ok,0,guarded-ok,,
mixed_dot,sdsdot,default,Accelerate,Accelerate.framework,1048576,1,1,,,,1,5,rate_gops,6,6,8.473,9.061499999999999,9.128,"9.1080000000000005,9.0999999999999996,9.0229999999999997,8.4730000000000008,9.0020000000000007,9.1280000000000001",ok,0,9.128,36.512,cblas_sdsdot,cblas,cblas_sdsdot,cblas,supported,sampled-ok,0,guarded-ok,,
mixed_dot,dsdot,default,Accelerate,Accelerate.framework,1048576,1,1,,,,1,5,rate_gops,6,6,8.729,9.087,9.188,"9.1110000000000007,9.0850000000000009,9.0890000000000004,8.7650000000000006,8.7289999999999992,9.1880000000000006",ok,0,9.188,36.751,cblas_dsdot,cblas,cblas_dsdot,cblas,supported,sampled-ok,5.55111512e-17,guarded-ok,,
complex_f32,csscal,default,Accelerate,Accelerate.framework,1048576,1,1,,,,1,5,rate_gops,6,6,65.1,66.4345,67.555,"66.581000000000003,66.287999999999997,65.540000000000006,65.099999999999994,67.507000000000005,67.555000000000007",ok,0,67.555,540.443,csscal_,fortran,csscal_,fortran,supported,sampled-ok,2.10734243e-08,guarded-ok,,
complex_f32,cscal,default,Accelerate,Accelerate.framework,1048576,1,1,,,,1,0,rate_gops,6,6,45.196,49.539500000000004,52.383,"52.383000000000003,47.710999999999999,45.195999999999998,49.625999999999998,49.634,49.453000000000003",ok,0,52.383,139.688,cscal_,fortran,cscal_,fortran,supported,sampled-ok,1.66600047e-08,guarded-ok,,
complex_f32,caxpy,default,Accelerate,Accelerate.framework,1048576,1,1,,,,1,5,rate_gops,6,6,42.101,44.437,46.979,"45.951000000000001,43.329000000000001,44.054000000000002,42.100999999999999,44.82,46.978999999999999",ok,0,46.979,93.957,caxpy_,fortran,caxpy_,fortran,supported,sampled-ok,4.71216092e-08,guarded-ok,,
complex_f32,cdotu,default,Accelerate,Accelerate.framework,1048576,1,1,,,,1,0,rate_gops,6,6,32.152,33.291,35.661,"35.661000000000001,32.152000000000001,33.554000000000002,34.597999999999999,32.634,33.027999999999999",ok,0,35.661,71.322,cblas_cdotu_sub,cblas,cblas_cdotu_sub,cblas,supported,sampled-ok,5.74784885e-07,guarded-ok,,
complex_f32,cdotc,default,Accelerate,Accelerate.framework,1048576,1,1,,,,1,4,rate_gops,6,6,32.688,34.1295,34.801,"33.106000000000002,34.264000000000003,33.994999999999997,32.688000000000002,34.801000000000002,34.646000000000001",ok,0,34.801,69.602,cblas_cdotc_sub,cblas,cblas_cdotc_sub,cblas,supported,sampled-ok,5.02190023e-07,guarded-ok,,
complex_f32,scasum,default,Accelerate,Accelerate.framework,1048576,1,1,,,,1,4,rate_gops,6,6,58.58,66.45349999999999,67.383,"66.436999999999998,66.469999999999999,61.673000000000002,66.537999999999997,67.382999999999996,58.579999999999998",ok,0,67.383,269.534,cblas_scasum,cblas,cblas_scasum,cblas,supported,sampled-ok,2.15217005e-06,guarded-ok,,
complex_f32,scnrm2,default,Accelerate,Accelerate.framework,1048576,1,1,,,,1,5,rate_gops,6,6,16.201,16.7305,17.69,"17.686,16.297999999999998,16.201000000000001,17.093,16.367999999999999,17.690000000000001",ok,0,17.69,35.381,cblas_scnrm2,cblas,cblas_scnrm2,cblas,supported,sampled-ok,2.18634311e-07,guarded-ok,,
complex_f32,csrot,default,Accelerate,Accelerate.framework,1048576,1,1,,,,1,5,rate_gops,6,6,92.148,120.39949999999999,155.803,"119.264,92.147999999999996,114.446,121.535,132.70400000000001,155.803",ok,0,155.803,415.474,csrot_,fortran,csrot_,fortran,supported,sampled-ok,4.43768555e-08,guarded-ok,,
complex_f64,zdscal,default,Accelerate,Accelerate.framework,1048576,1,1,,,,1,4,rate_gops,6,6,16.861,18.0715,22.876,"18.408999999999999,19.634,16.861000000000001,17.734000000000002,22.876000000000001,17.629999999999999",ok,0,22.876,366.012,zdscal_,fortran,zdscal_,fortran,supported,sampled-ok,0,guarded-ok,,
complex_f64,zscal,default,Accelerate,Accelerate.framework,1048576,1,1,,,,1,4,rate_gops,6,6,20.258,24.1255,25.326,"24.869,24.652999999999999,23.597999999999999,20.257999999999999,25.326000000000001,23.535",ok,0,25.326,135.072,zscal_,fortran,zscal_,fortran,supported,sampled-ok,7.85046229e-17,guarded-ok,,
complex_f64,zaxpy,default,Accelerate,Accelerate.framework,1048576,1,1,,,,1,4,rate_gops,6,6,17.555,19.5645,21.201,"20.416,17.555,18.350000000000001,19.652999999999999,21.201000000000001,19.475999999999999",ok,0,21.201,84.805,zaxpy_,fortran,zaxpy_,fortran,supported,sampled-ok,1.11022302e-16,guarded-ok,,
complex_f64,zdotu,default,Accelerate,Accelerate.framework,1048576,1,1,,,,1,5,rate_gops,6,6,18.842,21.7365,22.198,"21.834,22.102,21.050999999999998,18.841999999999999,21.638999999999999,22.198",ok,0,22.198,88.794,cblas_zdotu_sub,cblas,cblas_zdotu_sub,cblas,supported,sampled-ok,8.00593208e-16,guarded-ok,,
complex_f64,zdotc,default,Accelerate,Accelerate.framework,1048576,1,1,,,,1,5,rate_gops,6,6,18.939,20.444499999999998,22.701,"20.669,20.021999999999998,20.219999999999999,18.939,22.052,22.701000000000001",ok,0,22.701,90.806,cblas_zdotc_sub,cblas,cblas_zdotc_sub,cblas,supported,sampled-ok,8.85137448e-16,guarded-ok,,
complex_f64,dzasum,default,Accelerate,Accelerate.framework,1048576,1,1,,,,1,4,rate_gops,6,6,12.664,19.383499999999998,20.539,"19.751000000000001,16.097000000000001,20.25,12.664,20.539000000000001,19.015999999999998",ok,0,20.539,164.314,cblas_dzasum,cblas,cblas_dzasum,cblas,supported,sampled-ok,0,guarded-ok,,
complex_f64,dznrm2,default,Accelerate,Accelerate.framework,1048576,1,1,,,,1,0,rate_gops,6,6,2.164,2.2015000000000002,2.288,"2.2879999999999998,2.2290000000000001,2.1920000000000002,2.1640000000000001,2.2109999999999999,2.1880000000000002",ok,0,2.288,9.153,cblas_dznrm2,cblas,cblas_dznrm2,cblas,supported,sampled-ok,8.8817842e-16,guarded-ok,,
complex_f64,zdrot,default,Accelerate,Accelerate.framework,1048576,1,1,,,,1,5,rate_gops,6,6,22.638,23.8295,25.37,"22.920000000000002,23.047000000000001,22.638000000000002,24.611999999999998,25.152999999999999,25.370000000000001",ok,0,25.37,135.308,zdrot_,fortran,zdrot_,fortran,supported,sampled-ok,1.24126708e-16,guarded-ok,,
copy,scopy,default,OpenBLAS,libopenblas.dylib,2048,1,1,8192,s,2048,1,0,bandwidth_gbps,6,6,104.636,117.541,120.279,"120.279,119.003,104.636,117.187,117.895,115.306",ok,0,,120.279,scopy_,fortran,scopy_,fortran,supported,sampled-ok,0,unit-span-ok,,
copy,dcopy,default,OpenBLAS,libopenblas.dylib,1048576,1,1,8388608,d,1048576,1,5,bandwidth_gbps,6,6,160.3,174.147,177.18,"174.84999999999999,174.57900000000001,160.30000000000001,173.715,163.19900000000001,177.18000000000001",ok,0,,177.18,dcopy_,fortran,dcopy_,fortran,supported,sampled-ok,0,unit-span-ok,,
swap,sswap,default,OpenBLAS,libopenblas.dylib,1048576,1,1,,,,1,4,bandwidth_gbps,6,6,88.173,98.68299999999999,114.757,"96.685000000000002,95.861999999999995,100.681,88.173000000000002,114.75700000000001,106.916",ok,0,7.172,114.757,sswap_,fortran,sswap_,fortran,supported,sampled-ok,0,guarded-ok,,
swap,dswap,default,OpenBLAS,libopenblas.dylib,1048576,1,1,,,,1,0,bandwidth_gbps,6,6,214.16,236.79250000000002,243.894,"243.89400000000001,242.91900000000001,239,234.58500000000001,219.82599999999999,214.16",ok,0,7.622,243.894,dswap_,fortran,dswap_,fortran,supported,sampled-ok,0,guarded-ok,,
swap,cswap,default,OpenBLAS,libopenblas.dylib,1048576,1,1,,,,1,0,bandwidth_gbps,6,6,208.789,230.04000000000002,243.742,"243.74199999999999,235.393,231.846,228.23400000000001,208.78899999999999,221",ok,0,7.617,243.742,cswap_,fortran,cswap_,fortran,supported,sampled-ok,0,guarded-ok,,
swap,zswap,default,OpenBLAS,libopenblas.dylib,1048576,1,1,,,,1,5,bandwidth_gbps,6,6,156.949,203.9355,213.671,"204.88200000000001,204.548,179.084,156.94900000000001,203.32300000000001,213.67099999999999",ok,0,3.339,213.671,zswap_,fortran,zswap_,fortran,supported,sampled-ok,0,guarded-ok,,
index,isamax,default,OpenBLAS,libopenblas.dylib,1048576,1,1,,,,1,0,bandwidth_gbps,6,6,103.972,111.775,114.223,"114.223,111.866,111.105,112.002,111.684,103.97199999999999",ok,0,28.556,114.223,isamax_,fortran,isamax_,fortran,supported,sampled-ok,0,guarded-ok,,
index,idamax,default,OpenBLAS,libopenblas.dylib,1048576,1,1,,,,1,0,bandwidth_gbps,6,6,159.71,162.85,165.571,"165.571,162.84399999999999,162.85599999999999,162.13800000000001,159.71000000000001,165.31299999999999",ok,0,20.696,165.571,idamax_,fortran,idamax_,fortran,supported,sampled-ok,0,guarded-ok,,
index,icamax,default,OpenBLAS,libopenblas.dylib,1048576,1,1,,,,1,4,bandwidth_gbps,6,6,157.12,161.6935,166.999,"164.02600000000001,161.345,162.042,160.62200000000001,166.999,157.12",ok,0,20.875,166.999,icamax_,fortran,icamax_,fortran,supported,sampled-ok,0,guarded-ok,,
index,izamax,default,OpenBLAS,libopenblas.dylib,1048576,1,1,,,,1,1,bandwidth_gbps,6,6,177.832,204.5635,205.95,"203.636,205.94999999999999,203.91300000000001,205.214,205.21700000000001,177.83199999999999",ok,0,12.872,205.95,izamax_,fortran,izamax_,fortran,supported,sampled-ok,0,guarded-ok,,
real_f32,sscal,default,OpenBLAS,libopenblas.dylib,1048576,1,1,,,,1,0,rate_gops,6,6,15.723,16.9615,18.703,"18.702999999999999,16.922999999999998,17,15.723000000000001,16.045000000000002,17.579000000000001",ok,0,18.703,149.624,sscal_,fortran,sscal_,fortran,supported,sampled-ok,1.49011612e-08,guarded-ok,,
real_f32,saxpy,default,OpenBLAS,libopenblas.dylib,1048576,1,1,,,,1,0,rate_gops,6,6,31.568,37.2295,38.75,"38.75,38.103999999999999,37.344999999999999,37.113999999999997,31.568000000000001,31.937999999999999",ok,0,38.75,154.999,saxpy_,fortran,saxpy_,fortran,supported,sampled-ok,2.98023224e-08,guarded-ok,,
real_f32,sdot,default,OpenBLAS,libopenblas.dylib,1048576,1,1,,,,1,0,rate_gops,6,6,41.538,42.075500000000005,45.578,"45.578000000000003,45.533000000000001,42.197000000000003,41.762999999999998,41.537999999999997,41.954000000000001",ok,0,45.578,182.313,cblas_sdot,cblas,cblas_sdot,cblas,supported,sampled-ok,1.90281912e-08,guarded-ok,,
real_f32,sasum,default,OpenBLAS,libopenblas.dylib,1048576,1,1,,,,1,5,rate_gops,6,6,27.072,27.6655,28.209,"27.978000000000002,27.699999999999999,27.071999999999999,27.631,27.135999999999999,28.209",ok,0,28.209,112.837,cblas_sasum,cblas,cblas_sasum,cblas,supported,sampled-ok,9.88831744e-07,guarded-ok,,
real_f32,snrm2,default,OpenBLAS,libopenblas.dylib,1048576,1,1,,,,1,4,rate_gops,6,6,2.135,2.138,2.157,"2.137,2.1379999999999999,2.1379999999999999,2.1349999999999998,2.157,2.1499999999999999",ok,0,2.157,4.315,cblas_snrm2,cblas,cblas_snrm2,cblas,supported,sampled-ok,1.14720778e-07,guarded-ok,,
real_f32,srot,default,OpenBLAS,libopenblas.dylib,1048576,1,1,,,,1,0,rate_gops,6,6,46.233,49.1605,53.331,"53.331000000000003,50.174999999999997,46.232999999999997,46.363999999999997,50.514000000000003,48.146000000000001",ok,0,53.331,142.215,srot_,fortran,srot_,fortran,supported,sampled-ok,4.02092937e-08,guarded-ok,,
real_f32,srotm,flag_m1,OpenBLAS,libopenblas.dylib,1048576,1,1,,,,1,0,rate_gops,6,6,16.758,17.9635,19.288,"19.288,17.870999999999999,18.056000000000001,17.779,16.757999999999999,18.486000000000001",ok,0,19.288,51.435,srotm_,fortran,srotm_,fortran,supported,sampled-ok,5.36441803e-08,guarded-ok,,
real_f32,srotm,flag_0,OpenBLAS,libopenblas.dylib,1048576,1,1,,,,1,0,rate_gops,6,6,11.597,12.491,13.315,"13.315,12.670999999999999,12.628,12.353999999999999,11.842000000000001,11.597",ok,0,13.315,53.261,srotm_,fortran,srotm_,fortran,supported,sampled-ok,1.47847459e-08,guarded-ok,,
real_f32,srotm,flag_p1,OpenBLAS,libopenblas.dylib,1048576,1,1,,,,1,4,rate_gops,6,6,11.718,12.299499999999998,12.887,"12.766999999999999,12.125,12.215999999999999,12.382999999999999,12.887,11.718",ok,0,12.887,51.548,srotm_,fortran,srotm_,fortran,supported,sampled-ok,1.47847459e-08,guarded-ok,,
real_f64,dscal,default,OpenBLAS,libopenblas.dylib,1048576,1,1,,,,1,0,rate_gops,6,6,8.704,8.9955,9.415,"9.4149999999999991,9.1359999999999992,8.8550000000000004,8.8399999999999999,8.7040000000000006,9.1780000000000008",ok,0,9.415,150.634,dscal_,fortran,dscal_,fortran,supported,sampled-ok,0,guarded-ok,,
real_f64,daxpy,default,OpenBLAS,libopenblas.dylib,1048576,1,1,,,,1,0,rate_gops,6,6,22.061,24.125999999999998,25.372,"25.372,24.934999999999999,24.937000000000001,23.071999999999999,22.061,23.317",ok,0,25.372,202.976,daxpy_,fortran,daxpy_,fortran,supported,sampled-ok,1.11022302e-16,guarded-ok,,
real_f64,ddot,default,OpenBLAS,libopenblas.dylib,1048576,1,1,,,,1,0,rate_gops,6,6,23.125,28.447,29.286,"29.286000000000001,29.032,28.449999999999999,28.443999999999999,23.125,24.195",ok,0,29.286,234.29,cblas_ddot,cblas,cblas_ddot,cblas,supported,sampled-ok,4.99600361e-16,guarded-ok,,
real_f64,dasum,default,OpenBLAS,libopenblas.dylib,1048576,1,1,,,,1,5,rate_gops,6,6,17.819,20.1985,20.715,"20.545000000000002,20.173999999999999,20.222999999999999,19.053000000000001,17.818999999999999,20.715",ok,0,20.715,165.723,cblas_dasum,cblas,cblas_dasum,cblas,supported,sampled-ok,0,guarded-ok,,
real_f64,dnrm2,default,OpenBLAS,libopenblas.dylib,1048576,1,1,,,,1,5,rate_gops,6,6,2.134,2.1395,2.161,"2.1389999999999998,2.1400000000000001,2.1389999999999998,2.1339999999999999,2.157,2.161",ok,0,2.161,8.644,cblas_dnrm2,cblas,cblas_dnrm2,cblas,supported,sampled-ok,1.77635684e-15,guarded-ok,,
real_f64,drot,default,OpenBLAS,libopenblas.dylib,1048576,1,1,,,,1,0,rate_gops,6,6,23.363,25.2235,26.308,"26.308,24.98,24.510999999999999,23.363,25.466999999999999,25.576000000000001",ok,0,26.308,140.307,drot_,fortran,drot_,fortran,supported,sampled-ok,1.11022302e-16,guarded-ok,,
real_f64,drotm,flag_m1,OpenBLAS,libopenblas.dylib,1048576,1,1,,,,1,0,rate_gops,6,6,15.584,16.3475,17.428,"17.428000000000001,16.248999999999999,15.989000000000001,15.584,16.446000000000002,16.908999999999999",ok,0,17.428,92.952,drotm_,fortran,drotm_,fortran,supported,sampled-ok,1.11022302e-16,guarded-ok,,
real_f64,drotm,flag_0,OpenBLAS,libopenblas.dylib,1048576,1,1,,,,1,5,rate_gops,6,6,10.84,11.326,11.719,"11.456,11.196,11.061,10.84,11.606,11.718999999999999",ok,0,11.719,93.749,drotm_,fortran,drotm_,fortran,supported,sampled-ok,0,guarded-ok,,
real_f64,drotm,flag_p1,OpenBLAS,libopenblas.dylib,1048576,1,1,,,,1,0,rate_gops,6,6,10.021,11.1585,11.87,"11.869999999999999,11.273999999999999,10.943,11.042999999999999,11.568,10.021000000000001",ok,0,11.87,94.962,drotm_,fortran,drotm_,fortran,supported,sampled-ok,0,guarded-ok,,
mixed_dot,sdsdot,default,OpenBLAS,libopenblas.dylib,1048576,1,1,,,,1,0,rate_gops,6,6,11.37,11.898499999999999,12.286,"12.286,11.369999999999999,12.196,11.596,11.77,12.026999999999999",ok,0,12.286,49.146,cblas_sdsdot,cblas,cblas_sdsdot,cblas,supported,sampled-ok,0,guarded-ok,,
mixed_dot,dsdot,default,OpenBLAS,libopenblas.dylib,1048576,1,1,,,,1,5,rate_gops,6,6,12.006,12.305,12.455,"12.32,12.289999999999999,12.237,12.006,12.454000000000001,12.455",ok,0,12.455,49.82,cblas_dsdot,cblas,cblas_dsdot,cblas,supported,sampled-ok,1.66533454e-16,guarded-ok,,
complex_f32,csscal,default,OpenBLAS,libopenblas.dylib,1048576,1,1,,,,1,0,rate_gops,6,6,11.723,12.225999999999999,12.671,"12.670999999999999,11.744999999999999,12.109,11.723000000000001,12.343,12.461",ok,0,12.671,101.366,csscal_,fortran,csscal_,fortran,supported,sampled-ok,2.10734243e-08,guarded-ok,,
complex_f32,cscal,default,OpenBLAS,libopenblas.dylib,1048576,1,1,,,,1,0,rate_gops,6,6,34.778,36.6515,38.157,"38.156999999999996,36.642000000000003,34.777999999999999,35.777000000000001,36.661000000000001,37.121000000000002",ok,0,38.157,101.751,cscal_,fortran,cscal_,fortran,supported,sampled-ok,3.07195308e-08,guarded-ok,,
complex_f32,caxpy,default,OpenBLAS,libopenblas.dylib,1048576,1,1,,,,1,5,rate_gops,6,6,82.514,83.30199999999999,84.912,"82.730999999999995,82.513999999999996,83.738,82.866,84.695999999999998,84.912000000000006",ok,0,84.912,169.823,caxpy_,fortran,caxpy_,fortran,supported,sampled-ok,6.14390615e-08,guarded-ok,,
complex_f32,cdotu,default,OpenBLAS,libopenblas.dylib,1048576,1,1,,,,1,4,rate_gops,6,6,92.595,103.16300000000001,112.992,"107.562,104.55800000000001,94.162999999999997,101.768,112.992,92.594999999999999",ok,0,112.992,225.985,cblas_cdotu_sub,cblas,cblas_cdotu_sub,cblas,supported,sampled-ok,4.87723198e-07,guarded-ok,,
complex_f32,cdotc,default,OpenBLAS,libopenblas.dylib,1048576,1,1,,,,1,4,rate_gops,6,6,100.88,107.1155,113.294,"107.149,107.499,107.08199999999999,100.88,113.294,100.901",ok,0,113.294,226.588,cblas_cdotc_sub,cblas,cblas_cdotc_sub,cblas,supported,sampled-ok,3.71478013e-07,guarded-ok,,
complex_f32,scasum,default,OpenBLAS,libopenblas.dylib,1048576,1,1,,,,1,4,rate_gops,6,6,34.287,40.781499999999994,42.197,"41.189999999999998,40.372999999999998,34.286999999999999,35.914000000000001,42.197000000000003,41.744999999999997",ok,0,42.197,168.79,cblas_scasum,cblas,cblas_scasum,cblas,supported,sampled-ok,2.15217005e-06,guarded-ok,,
complex_f32,scnrm2,default,OpenBLAS,libopenblas.dylib,1048576,1,1,,,,1,4,rate_gops,6,6,2.026,2.1355,2.157,"2.137,2.1339999999999999,2.0259999999999998,2.1339999999999999,2.157,2.1539999999999999",ok,0,2.157,4.313,cblas_scnrm2,cblas,cblas_scnrm2,cblas,supported,sampled-ok,2.58202848e-07,guarded-ok,,
complex_f32,csrot,default,OpenBLAS,libopenblas.dylib,1048576,1,1,,,,1,0,rate_gops,6,6,48.232,49.834,52.859,"52.859000000000002,49.402999999999999,48.231999999999999,48.740000000000002,50.265000000000001,50.777000000000001",ok,0,52.859,140.958,csrot_,fortran,csrot_,fortran,supported,sampled-ok,4.43768555e-08,guarded-ok,,
complex_f64,zdscal,default,OpenBLAS,libopenblas.dylib,1048576,1,1,,,,1,0,rate_gops,6,6,5.715,5.866,6.052,"6.0519999999999996,5.8390000000000004,5.8170000000000002,5.7149999999999999,6.0060000000000002,5.8929999999999998",ok,0,6.052,96.832,zdscal_,fortran,zdscal_,fortran,supported,sampled-ok,0,guarded-ok,,
complex_f64,zscal,default,OpenBLAS,libopenblas.dylib,1048576,1,1,,,,1,0,rate_gops,6,6,17.28,18.095,18.673,"18.672999999999998,18.059000000000001,17.280000000000001,17.879000000000001,18.492999999999999,18.131",ok,0,18.673,99.589,zscal_,fortran,zscal_,fortran,supported,sampled-ok,0,guarded-ok,,
complex_f64,zaxpy,default,OpenBLAS,libopenblas.dylib,1048576,1,1,,,,1,4,rate_gops,6,6,26.376,34.1825,37.623,"34.503999999999998,33.860999999999997,30.100999999999999,26.376000000000001,37.622999999999998,36.848999999999997",ok,0,37.623,150.491,zaxpy_,fortran,zaxpy_,fortran,supported,sampled-ok,1.24126708e-16,guarded-ok,,
complex_f64,zdotu,default,OpenBLAS,libopenblas.dylib,1048576,1,1,,,,1,0,rate_gops,6,6,25.13,36.052,37.708,"37.707999999999998,33.100999999999999,37.219999999999999,25.129999999999999,36.289000000000001,35.814999999999998",ok,0,37.708,150.83,cblas_zdotu_sub,cblas,cblas_zdotu_sub,cblas,supported,sampled-ok,9.1551336e-16,guarded-ok,,
complex_f64,zdotc,default,OpenBLAS,libopenblas.dylib,1048576,1,1,,,,1,0,rate_gops,6,6,33.022,35.308,36.918,"36.917999999999999,36.195,34.420999999999999,33.021999999999998,36.646000000000001,34.356999999999999",ok,0,36.918,147.671,cblas_zdotc_sub,cblas,cblas_zdotc_sub,cblas,supported,sampled-ok,9.42055475e-16,guarded-ok,,
complex_f64,dzasum,default,OpenBLAS,libopenblas.dylib,1048576,1,1,,,,1,2,rate_gops,6,6,20.491,23.8365,24.841,"24.053000000000001,23.669,24.841000000000001,21.956,20.491,24.004000000000001",ok,0,24.841,198.727,cblas_dzasum,cblas,cblas_dzasum,cblas,supported,sampled-ok,1.42108547e-14,guarded-ok,,
complex_f64,dznrm2,default,OpenBLAS,libopenblas.dylib,1048576,1,1,,,,1,5,rate_gops,6,6,2.009,2.1245000000000003,2.159,"2.0089999999999999,2.1110000000000002,2.1379999999999999,2.0590000000000002,2.1579999999999999,2.1589999999999998",ok,0,2.159,8.636,cblas_dznrm2,cblas,cblas_dznrm2,cblas,supported,sampled-ok,1.77635684e-15,guarded-ok,,
complex_f64,zdrot,default,OpenBLAS,libopenblas.dylib,1048576,1,1,,,,1,4,rate_gops,6,6,21.598,22.753500000000003,25.331,"22.478000000000002,22.238,21.597999999999999,23.029,25.331,25.135999999999999",ok,0,25.331,135.099,zdrot_,fortran,zdrot_,fortran,supported,sampled-ok,1.24126708e-16,guarded-ok,,
