kind,transa,transb,shape_index,label,m,n,k,library,gflops,best_ns,median_ns,p95_ns,max_ns,reps,process_repeats,median_ns_samples,check
sgemm,N,N,0,m1_n1_k1,1,1,1,Zynum,2.000000,1,42,84,167,30,3,"42,42,41",checked-ok
sgemm,N,N,1,m8_n8_k8,8,8,8,Zynum,6.168675,166,167,209,375,30,3,"208,167,167",checked-ok
sgemm,N,N,2,m31_n31_k31,31,31,31,Zynum,51.099485,1166,1250,1375,1459,30,3,"1167,1291,1250",checked-ok
sgemm,N,N,3,m33_n33_k33,33,33,33,Zynum,57.499200,1250,1417,1500,2208,30,3,"1292,1458,1417",checked-ok
sgemm,N,N,4,sq64,64,64,64,Zynum,196.583427,2667,3750,4042,4042,30,3,"3459,3750,4000",checked-ok
sgemm,N,N,5,sq96,96,96,96,Zynum,290.888049,6083,8125,13958,14292,30,3,"7083,8125,8125",checked-ok
sgemm,N,N,6,sq128,128,128,128,Zynum,384.234518,10916,14917,15292,20917,30,3,"12750,14958,14917",checked-ok
sgemm,N,N,7,sq192,192,192,192,Zynum,686.340655,20625,24625,31833,47500,30,3,"23875,24625,25875",checked-ok
sgemm,N,N,8,sq256,256,256,256,Zynum,909.950698,36875,38166,44625,44792,30,3,"40041,38166,38042",checked-ok
sgemm,N,N,9,sq384,384,384,384,Zynum,1448.772602,78167,87250,139291,147875,30,3,"87250,94167,86042",checked-ok
sgemm,N,N,10,sq512,512,512,512,Zynum,1852.339311,144917,159000,174000,177292,30,3,"149584,167417,159000",checked-ok
sgemm,N,N,11,sq768,768,768,768,Zynum,2018.684968,448792,484375,583375,613792,30,3,"463250,484375,553833",checked-ok
sgemm,N,N,12,sq1024,1024,1024,1024,Zynum,2005.511485,1070791,1590292,1766875,2062000,30,3,"1097834,1590292,1604916",checked-ok
sgemm,N,N,13,m63_n65_k17,63,65,17,Zynum,75.957447,1833,2750,2834,3083,30,3,"1875,2750,2750",checked-ok
sgemm,N,N,14,m65_n63_k33,65,63,33,Zynum,81.089109,3333,4542,5500,5500,30,3,"3417,5125,4542",checked-ok
sgemm,N,N,15,m127_n129_k31,127,129,31,Zynum,106.920632,9500,13541,14250,19792,30,3,"10042,13541,13542",checked-ok
sgemm,N,N,16,m129_n127_k33,129,127,33,Zynum,97.924108,11042,16584,17416,17417,30,3,"12209,16584,16625",checked-ok
sgemm,N,N,17,m1_n4096_k256,1,4096,256,Zynum,216.961721,9666,14167,21209,49583,30,3,"10125,15458,14167",checked-ok
sgemm,N,N,18,m4096_n1_k256,4096,1,256,Zynum,402.678955,5208,6167,8708,16875,30,3,"5250,6167,6167",checked-ok
sgemm,N,N,19,m1024_n64_k1024,1024,64,1024,Zynum,1673.349973,80209,100625,107291,108292,30,3,"85625,100625,101250",checked-ok
sgemm,N,N,20,m2048_n64_k512,2048,64,512,Zynum,1669.042579,80416,97458,160625,281209,30,3,"88500,97709,97458",checked-ok
sgemm,N,N,21,m4096_n32_k256,4096,32,256,Zynum,1525.201455,44000,56041,85750,119625,30,3,"49167,56292,56041",checked-ok
sgemm,N,N,22,m2048_n17_k257,2048,17,257,Zynum,994.190222,18000,21250,38166,40000,30,3,"20208,21250,22000",checked-ok
sgemm,N,N,23,m512_n64_k2048,512,64,2048,Zynum,1517.287421,88459,110791,116000,118458,30,3,"93083,110791,112125",checked-ok
sgemm,N,N,24,m64_n1024_k1024,64,1024,1024,Zynum,1208.254366,111084,128000,177541,208042,30,3,"120917,128000,132292",checked-ok
sgemm,N,N,25,m64_n2048_k512,64,2048,512,Zynum,1325.607190,101250,121167,140875,158084,30,3,"110917,129917,121167",checked-ok
sgemm,N,N,26,m32_n4096_k256,32,4096,256,Zynum,774.705501,86625,102125,145583,158375,30,3,"97083,111000,102125",checked-ok
sgemm,N,N,27,m17_n2048_k257,17,2048,257,Zynum,105.551568,169542,212084,252209,306625,30,3,"180125,213416,212084",checked-ok
sgemm,N,N,28,m64_n512_k2048,64,512,2048,Zynum,1135.840496,118166,132709,154125,182667,30,3,"130833,134584,132709",checked-ok
sgemm,N,N,29,m1024_n1024_k64,1024,1024,64,Zynum,1293.664848,103750,120209,150625,170667,30,3,"107500,120667,120209",checked-ok
sgemm,N,N,30,m1024_n1024_k128,1024,1024,128,Zynum,1670.756633,160667,200959,252542,289084,30,3,"167292,200959,202334",checked-ok
sgemm,N,N,31,m1024_n1024_k256,1024,1024,256,Zynum,1883.757586,285000,322417,366417,369250,30,3,"301292,355333,322417",checked-ok
sgemm,N,N,32,m256_n256_k2048,256,256,2048,Zynum,1678.151626,159959,209542,216584,218417,30,3,"174167,211500,209542",checked-ok
sgemm,N,N,33,m128_n128_k4096,128,128,4096,Zynum,1295.738029,103584,138041,144375,146292,30,3,"110500,139208,138041",checked-ok
sgemm,N,N,34,m1536_n256_k256,1536,256,256,Zynum,1732.467575,116208,151542,165709,165958,30,3,"118792,151542,152292",checked-ok
sgemm,N,N,35,m256_n1536_k256,256,1536,256,Zynum,1394.469901,144375,170667,187167,190333,30,3,"153291,170958,170667",checked-ok
sgemm,N,N,36,m512_n256_k768,512,256,768,Zynum,1620.882648,124208,157583,167209,174042,30,3,"134500,157583,157666",checked-ok
sgemm,N,N,37,m256_n512_k768,256,512,768,Zynum,1458.888348,138000,163625,204542,246125,30,3,"146041,165333,163625",checked-ok
sgemm,N,N,38,m768_n512_k256,768,512,256,Zynum,1790.222143,112459,137625,156667,180542,30,3,"119042,137625,146750",checked-ok
sgemm,N,N,39,m512_n768_k256,512,768,256,Zynum,1689.449193,119167,155625,190917,200417,30,3,"129250,163250,155625",checked-ok
sgemm,N,N,40,m384_n640_k96,384,640,96,Zynum,1053.445258,44792,53917,56875,56958,30,3,"45791,53917,54083",checked-ok
sgemm,N,N,41,m640_n384_k96,640,384,96,Zynum,1160.328530,40666,48875,83375,98208,30,3,"41792,48875,49416",checked-ok
dgemm,N,N,0,m1_n1_k1,1,1,1,Zynum,2.000000,1,42,42,125,30,3,"42,41,42",checked-ok
dgemm,N,N,1,m8_n8_k8,8,8,8,Zynum,6.168675,166,208,250,459,30,3,"208,208,208",checked-ok
dgemm,N,N,2,m31_n31_k31,31,31,31,Zynum,40.865569,1458,1667,1875,2042,30,3,"1500,1667,1667",checked-ok
dgemm,N,N,3,m33_n33_k33,33,33,33,Zynum,39.211129,1833,1958,2084,2292,30,3,"1834,1958,2042",checked-ok
dgemm,N,N,4,sq64,64,64,64,Zynum,112.339404,4667,5750,5875,5875,30,3,"4875,5750,5792",checked-ok
dgemm,N,N,5,sq96,96,96,96,Zynum,176.207130,10042,12250,13166,16875,30,3,"10209,12250,12417",checked-ok
dgemm,N,N,6,sq128,128,128,128,Zynum,215.556789,19458,19542,20000,22375,30,3,"19542,19833,19542",checked-ok
dgemm,N,N,7,sq192,192,192,192,Zynum,330.163872,42875,50500,69291,79208,30,3,"49125,50500,53417",checked-ok
dgemm,N,N,8,sq256,256,256,256,Zynum,371.111662,90416,91250,97042,97667,30,3,"91125,91250,92208",checked-ok
dgemm,N,N,9,sq384,384,384,384,Zynum,500.166542,226417,247083,265583,299417,30,3,"236666,247083,257375",checked-ok
dgemm,N,N,10,sq512,512,512,512,Zynum,529.938260,506541,569375,626625,650125,30,3,"542167,595125,569375",checked-ok
dgemm,N,N,11,sq768,768,768,768,Zynum,531.880533,1703333,1972625,2518000,2568750,30,3,"1783167,1972625,2410833",checked-ok
dgemm,N,N,12,sq1024,1024,1024,1024,Zynum,524.944822,4090875,7108792,7507500,7571958,30,3,"4584125,7108792,7121959",checked-ok
dgemm,N,N,13,m63_n65_k17,63,65,17,Zynum,37.978723,3666,4583,5708,5791,30,3,"3750,5166,4583",checked-ok
dgemm,N,N,14,m65_n63_k33,65,63,33,Zynum,39.798262,6791,8042,10417,10458,30,3,"6875,10167,8042",checked-ok
dgemm,N,N,15,m127_n129_k31,127,129,31,Zynum,43.223234,23500,25792,37959,39041,30,3,"23750,31292,25792",checked-ok
dgemm,N,N,16,m129_n127_k33,129,127,33,Zynum,49.149000,22000,26792,33458,34000,30,3,"22250,32875,26792",checked-ok
dgemm,N,N,17,m1_n4096_k256,1,4096,256,Zynum,116.774431,17959,22708,29000,31042,30,3,"22708,23875,20458",checked-ok
dgemm,N,N,18,m4096_n1_k256,4096,1,256,Zynum,198.162336,10583,13500,19708,36792,30,3,"10625,13500,14333",checked-ok
dgemm,N,N,19,m1024_n64_k1024,1024,64,1024,Zynum,426.144845,314958,354042,481209,521917,30,3,"319209,383625,354042",checked-ok
dgemm,N,N,20,m2048_n64_k512,2048,64,512,Zynum,418.829641,320459,369917,378000,418625,30,3,"323792,369917,370083",checked-ok
dgemm,N,N,21,m4096_n32_k256,4096,32,256,Zynum,429.840602,156125,189750,197500,201167,30,3,"157041,190250,189750",checked-ok
dgemm,N,N,22,m2048_n17_k257,2048,17,257,Zynum,338.447735,52875,65167,69292,69667,30,3,"54583,65167,66000",checked-ok
dgemm,N,N,23,m512_n64_k2048,512,64,2048,Zynum,371.493772,361292,415375,451167,468792,30,3,"384667,415375,417250",checked-ok
dgemm,N,N,24,m64_n1024_k1024,64,1024,1024,Zynum,321.447251,417542,476584,537333,626583,30,3,"432417,486542,476584",checked-ok
dgemm,N,N,25,m64_n2048_k512,64,2048,512,Zynum,335.125413,400500,424167,540917,712791,30,3,"412542,446834,424167",checked-ok
dgemm,N,N,26,m32_n4096_k256,32,4096,256,Zynum,197.112909,340459,393000,475208,560375,30,3,"369958,394042,393000",checked-ok
dgemm,N,N,27,m17_n2048_k257,17,2048,257,Zynum,72.720795,246084,256750,305959,384250,30,3,"259292,255667,256750",checked-ok
dgemm,N,N,28,m64_n512_k2048,64,512,2048,Zynum,301.274361,445500,463709,547083,631209,30,3,"462250,497750,463709",checked-ok
dgemm,N,N,29,m1024_n1024_k64,1024,1024,64,Zynum,390.073697,344083,369583,390916,395042,30,3,"368042,370375,369583",checked-ok
dgemm,N,N,30,m1024_n1024_k128,1024,1024,128,Zynum,461.031268,582250,691250,737625,740542,30,3,"629333,691250,724834",checked-ok
dgemm,N,N,31,m1024_n1024_k256,1024,1024,256,Zynum,443.252449,1211208,1534875,1586292,1587250,30,3,"1544667,1534875,1296750",checked-ok
dgemm,N,N,32,m256_n256_k2048,256,256,2048,Zynum,381.097364,704375,803917,876166,917958,30,3,"817375,724541,803917",checked-ok
dgemm,N,N,33,m128_n128_k4096,128,128,4096,Zynum,275.247840,487625,593458,600708,636250,30,3,"593708,528209,593458",checked-ok
dgemm,N,N,34,m1536_n256_k256,1536,256,256,Zynum,414.039264,486250,550542,578625,604958,30,3,"560666,550542,498000",checked-ok
dgemm,N,N,35,m256_n1536_k256,256,1536,256,Zynum,381.059315,528334,544250,615500,702000,30,3,"604125,544250,543875",checked-ok
dgemm,N,N,36,m512_n256_k768,512,256,768,Zynum,393.216000,512000,603125,619333,625208,30,3,"613458,547083,603125",checked-ok
dgemm,N,N,37,m256_n512_k768,256,512,768,Zynum,371.994856,541208,636500,649375,651250,30,3,"639250,636500,570875",checked-ok
dgemm,N,N,38,m768_n512_k256,768,512,256,Zynum,394.049507,510917,556125,618000,618125,30,3,"609667,545833,556125",checked-ok
dgemm,N,N,39,m512_n768_k256,512,768,256,Zynum,384.211053,524000,613500,642916,643375,30,3,"632625,568125,613500",checked-ok
dgemm,N,N,40,m384_n640_k96,384,640,96,Zynum,331.517779,142333,160791,183167,201542,30,3,"180291,160791,160458",checked-ok
dgemm,N,N,41,m640_n384_k96,640,384,96,Zynum,337.746729,139708,153834,182625,194583,30,3,"172750,153834,142000",checked-ok
cgemm,N,N,0,m1_n1_k1,1,1,1,Zynum,8.000000,1,42,84,208,30,3,"42,41,42",checked-ok
cgemm,N,N,1,m8_n8_k8,8,8,8,Zynum,49.349398,83,125,167,208,30,3,"125,84,125",checked-ok
cgemm,N,N,2,m31_n31_k31,31,31,31,Zynum,43.657813,5459,5542,6000,6166,30,3,"5958,5542,5542",checked-ok
cgemm,N,N,3,m33_n33_k33,33,33,33,Zynum,48.935489,5875,5917,6542,6583,30,3,"6334,5917,5917",checked-ok
cgemm,N,N,4,sq64,64,64,64,Zynum,136.028540,15417,17083,17875,17916,30,3,"17750,16750,17083",checked-ok
cgemm,N,N,5,sq96,96,96,96,Zynum,217.506776,32541,33667,46167,66375,30,3,"35042,33667,33125",checked-ok
cgemm,N,N,6,sq128,128,128,128,Zynum,290.720962,57709,60584,73125,85000,30,3,"67292,60291,60584",checked-ok
cgemm,N,N,7,sq192,192,192,192,Zynum,511.847268,110625,112792,132000,136000,30,3,"119000,111542,112792",checked-ok
cgemm,N,N,8,sq256,256,256,256,Zynum,775.636712,173042,176792,250833,278083,30,3,"200958,176334,176792",checked-ok
cgemm,N,N,9,sq384,384,384,384,Zynum,1093.835996,414125,440750,512875,566208,30,3,"445250,440750,437583",checked-ok
cgemm,N,N,10,sq512,512,512,512,Zynum,1406.264258,763542,889083,1071084,1082292,30,3,"954292,889083,788083",checked-ok
cgemm,N,N,11,sq768,768,768,768,Zynum,1543.198290,2348291,2869084,3393208,3566125,30,3,"3207292,2422167,2869084",checked-ok
cgemm,N,N,12,sq1024,1024,1024,1024,Zynum,1468.710097,5848625,7366125,8254625,8436541,30,3,"6456667,7434291,7366125",checked-ok
cgemm,N,N,13,m63_n65_k17,63,65,17,Zynum,41.770044,13333,15167,20042,20375,30,3,"19667,15167,13458",checked-ok
cgemm,N,N,14,m65_n63_k33,65,63,33,Zynum,75.205565,14375,19125,22000,22000,30,3,"21166,19125,15250",checked-ok
cgemm,N,N,15,m127_n129_k31,127,129,31,Zynum,98.995760,41042,53000,62750,90125,30,3,"54250,53000,43334",checked-ok
cgemm,N,N,16,m129_n127_k33,129,127,33,Zynum,92.931222,46541,58292,68125,70791,30,3,"65958,58292,49416",checked-ok
cgemm,N,N,17,m1_n4096_k256,1,4096,256,Zynum,219.545343,38209,38458,140667,235583,30,3,"38500,38458,38417",checked-ok
cgemm,N,N,18,m4096_n1_k256,4096,1,256,Zynum,177.225361,47333,80000,156916,205708,30,3,"80000,78834,97916",checked-ok
cgemm,N,N,19,m1024_n64_k1024,1024,64,1024,Zynum,638.055699,841417,998334,1338709,1402084,30,3,"998833,998334,866417",checked-ok
cgemm,N,N,20,m2048_n64_k512,2048,64,512,Zynum,607.864639,883208,980417,1267542,1382500,30,3,"1015166,924375,980417",checked-ok
cgemm,N,N,21,m4096_n32_k256,4096,32,256,Zynum,361.509272,742541,831042,993583,1051708,30,3,"778667,831042,831709",checked-ok
cgemm,N,N,22,m2048_n17_k257,2048,17,257,Zynum,209.634820,341459,344875,387750,464458,30,3,"345084,343583,344875",checked-ok
cgemm,N,N,23,m512_n64_k2048,512,64,2048,Zynum,582.631994,921458,999458,1229000,1303417,30,3,"1063875,990333,999458",checked-ok
cgemm,N,N,24,m64_n1024_k1024,64,1024,1024,Zynum,731.058263,734375,807667,887125,940541,30,3,"786375,807834,807667",checked-ok
cgemm,N,N,25,m64_n2048_k512,64,2048,512,Zynum,573.733275,935750,1042167,1153875,1204875,30,3,"1042167,1048334,985459",checked-ok
cgemm,N,N,26,m32_n4096_k256,32,4096,256,Zynum,510.333567,526000,544375,717750,733000,30,3,"578250,544375,544375",checked-ok
cgemm,N,N,27,m17_n2048_k257,17,2048,257,Zynum,158.425117,451833,497208,540458,653417,30,3,"500000,497208,488958",checked-ok
cgemm,N,N,28,m64_n512_k2048,64,512,2048,Zynum,538.666287,996667,1037708,1185500,1245292,30,3,"1037708,1038083,1037166",checked-ok
cgemm,N,N,29,m1024_n1024_k64,1024,1024,64,Zynum,943.326882,569125,649291,677500,808917,30,3,"649291,610625,651500",checked-ok
cgemm,N,N,30,m1024_n1024_k128,1024,1024,128,Zynum,1170.397970,917416,1065750,1181292,1228625,30,3,"945000,1069584,1065750",checked-ok
cgemm,N,N,31,m1024_n1024_k256,1024,1024,256,Zynum,1386.442937,1548916,1875459,2072250,2079042,30,3,"1875459,1896458,1585708",checked-ok
cgemm,N,N,32,m256_n256_k2048,256,256,2048,Zynum,895.749277,1198708,1465209,1582125,1704333,30,3,"1465209,1236458,1482542",checked-ok
cgemm,N,N,33,m128_n128_k4096,128,128,4096,Zynum,217.147849,2472375,2901292,3247084,3355792,30,3,"2755250,2901292,2949625",checked-ok
cgemm,N,N,34,m1536_n256_k256,1536,256,256,Zynum,860.907199,935416,968792,1029250,1041791,30,3,"965125,968792,969291",checked-ok
cgemm,N,N,35,m256_n1536_k256,256,1536,256,Zynum,977.610158,823750,952250,1056459,1099667,30,3,"952250,851959,965917",checked-ok
cgemm,N,N,36,m512_n256_k768,512,256,768,Zynum,971.760133,828709,946458,1041375,1046750,30,3,"867500,946458,969375",checked-ok
cgemm,N,N,37,m256_n512_k768,256,512,768,Zynum,1008.892880,798208,898041,969000,974542,30,3,"898041,911125,833708",checked-ok
cgemm,N,N,38,m768_n512_k256,768,512,256,Zynum,1112.301613,724000,820625,886084,939459,30,3,"820625,748458,831334",checked-ok
cgemm,N,N,39,m512_n768_k256,512,768,256,Zynum,1095.219815,735292,856250,902459,1029875,30,3,"766125,856250,859375",checked-ok
cgemm,N,N,40,m384_n640_k96,384,640,96,Zynum,650.279690,290250,294208,350792,358125,30,3,"295959,293584,294208",checked-ok
cgemm,N,N,41,m640_n384_k96,640,384,96,Zynum,730.149632,258500,282417,317042,385000,30,3,"282417,286083,261584",checked-ok
zgemm,N,N,0,m1_n1_k1,1,1,1,Zynum,0.195122,41,42,84,333,30,3,"42,42,42",checked-ok
zgemm,N,N,1,m8_n8_k8,8,8,8,Zynum,8.943231,458,500,584,1000,30,3,"500,500,542",checked-ok
zgemm,N,N,2,m31_n31_k31,31,31,31,Zynum,34.665891,6875,7167,7625,7708,30,3,"7167,7208,7125",checked-ok
zgemm,N,N,3,m33_n33_k33,33,33,33,Zynum,35.937000,8000,8792,9458,9792,30,3,"8792,8958,8333",checked-ok
zgemm,N,N,4,sq64,64,64,64,Zynum,110.376421,19000,21042,21667,26583,30,3,"21458,21042,21000",checked-ok
zgemm,N,N,5,sq96,96,96,96,Zynum,161.780297,43750,45375,51125,53584,30,3,"45375,45625,45291",checked-ok
zgemm,N,N,6,sq128,128,128,128,Zynum,171.633923,97750,103250,108042,110792,30,3,"103625,98750,103250",checked-ok
zgemm,N,N,7,sq192,192,192,192,Zynum,241.849884,234125,253292,283459,319542,30,3,"253292,274209,250583",checked-ok
zgemm,N,N,8,sq256,256,256,256,Zynum,315.034030,426042,454083,462083,499750,30,3,"454500,430208,454083",checked-ok
zgemm,N,N,9,sq384,384,384,384,Zynum,414.789748,1092083,1268000,1350708,1367000,30,3,"1126833,1268000,1272375",checked-ok
zgemm,N,N,10,sq512,512,512,512,Zynum,435.853036,2463541,3135667,3241625,3269458,30,3,"3135667,3151083,2675167",checked-ok
zgemm,N,N,11,sq768,768,768,768,Zynum,479.261861,7561375,10309667,11599333,11605208,30,3,"10309667,8281250,10324625",checked-ok
zgemm,N,N,12,sq1024,1024,1024,1024,Zynum,491.681059,17470542,23009125,26631375,27243750,30,3,"20565042,23009125,23120666",checked-ok
zgemm,N,N,13,m63_n65_k17,63,65,17,Zynum,32.760000,17000,22375,29333,29417,30,3,"29125,22375,17084",checked-ok
zgemm,N,N,14,m65_n63_k33,65,63,33,Zynum,47.003478,23000,32333,38167,38959,30,3,"36584,32333,23125",checked-ok
zgemm,N,N,15,m127_n129_k31,127,129,31,Zynum,52.228815,77792,98333,127000,132375,30,3,"123000,98333,78416",checked-ok
zgemm,N,N,16,m129_n127_k33,129,127,33,Zynum,53.150378,81375,93750,127875,144750,30,3,"115000,93750,81583",checked-ok
zgemm,N,N,17,m1_n4096_k256,1,4096,256,Zynum,89.279452,93959,106667,527125,531833,30,3,"138625,106667,98042",checked-ok
zgemm,N,N,18,m4096_n1_k256,4096,1,256,Zynum,69.374927,120917,137833,271875,445334,30,3,"137833,144917,121541",checked-ok
zgemm,N,N,19,m1024_n64_k1024,1024,64,1024,Zynum,251.791060,2132208,2567250,2800375,2883625,30,3,"2567250,2628375,2256291",checked-ok
zgemm,N,N,20,m2048_n64_k512,2048,64,512,Zynum,259.587795,2068167,2460208,2745792,2782250,30,3,"2634583,2105333,2460208",checked-ok
zgemm,N,N,21,m4096_n32_k256,4096,32,256,Zynum,162.217136,1654791,1838250,2158417,2244375,30,3,"1715000,1838250,1962625",checked-ok
zgemm,N,N,22,m2048_n17_k257,2048,17,257,Zynum,109.417335,654208,695833,786667,926000,30,3,"695833,743334,665375",checked-ok
zgemm,N,N,23,m512_n64_k2048,512,64,2048,Zynum,228.581378,2348708,2811042,3025334,3062333,30,3,"2811042,2463625,2832541",checked-ok
zgemm,N,N,24,m64_n1024_k1024,64,1024,1024,Zynum,235.357903,2281083,2925500,3133416,3171209,30,3,"2402250,2925500,2925792",checked-ok
zgemm,N,N,25,m64_n2048_k512,64,2048,512,Zynum,225.166079,2384333,2763208,3242917,3334208,30,3,"2763208,3048792,2530709",checked-ok
zgemm,N,N,26,m32_n4096_k256,32,4096,256,Zynum,204.340720,1313666,1657000,1836417,1906625,30,3,"1728625,1522000,1657000",checked-ok
zgemm,N,N,27,m17_n2048_k257,17,2048,257,Zynum,99.012110,722959,862291,1028208,1061208,30,3,"862291,855750,912000",checked-ok
zgemm,N,N,28,m64_n512_k2048,64,512,2048,Zynum,194.721281,2757125,3009625,3398125,3429667,30,3,"3009625,3057417,2803875",checked-ok
zgemm,N,N,29,m1024_n1024_k64,1024,1024,64,Zynum,335.535512,1600042,2034750,2162417,2236667,30,3,"2089083,1683167,2034750",checked-ok
zgemm,N,N,30,m1024_n1024_k128,1024,1024,128,Zynum,380.399751,2822667,3392750,3775709,3807042,30,3,"2914875,3392750,3695375",checked-ok
zgemm,N,N,31,m1024_n1024_k256,1024,1024,256,Zynum,429.550423,4999375,6686875,7582250,7676500,30,3,"6688209,6686875,5361375",checked-ok
zgemm,N,N,32,m256_n256_k2048,256,256,2048,Zynum,311.960406,3441917,3970375,4958083,4960708,30,3,"4395084,3516042,3970375",checked-ok
zgemm,N,N,33,m128_n128_k4096,128,128,4096,Zynum,204.382727,2626792,2882458,3304750,3786792,30,3,"2660959,2882458,3207958",checked-ok
zgemm,N,N,34,m1536_n256_k256,1536,256,256,Zynum,407.982455,1973875,2499250,2682292,2689916,30,3,"2499250,2572125,2114834",checked-ok
zgemm,N,N,35,m256_n1536_k256,256,1536,256,Zynum,363.391626,2216084,2664792,2873375,2895916,30,3,"2707750,2284125,2664792",checked-ok
zgemm,N,N,36,m512_n256_k768,512,256,768,Zynum,364.763387,2207750,2690375,2755667,2791917,30,3,"2261917,2690375,2718125",checked-ok
zgemm,N,N,37,m256_n512_k768,256,512,768,Zynum,352.277501,2286000,2759125,2821959,2822750,30,3,"2759125,2788750,2329250",checked-ok
zgemm,N,N,38,m768_n512_k256,768,512,256,Zynum,396.157976,2032791,2490292,2540625,2547334,30,3,"2514875,2102583,2490292",checked-ok
zgemm,N,N,39,m512_n768_k256,512,768,256,Zynum,385.206599,2090583,2567959,7633250,7992250,30,3,"2254542,2576084,2567959",checked-ok
zgemm,N,N,40,m384_n640_k96,384,640,96,Zynum,283.256865,666334,817917,837209,878667,30,3,"817917,822458,673667",checked-ok
zgemm,N,N,41,m640_n384_k96,640,384,96,Zynum,291.420869,647667,710292,832250,900000,30,3,"712542,710292,650750",checked-ok
sgemm,N,N,0,m1_n1_k1,1,1,1,Accelerate,2.000000,1,42,166,167,30,3,"42,42,42",checked-ok
sgemm,N,N,1,m8_n8_k8,8,8,8,Accelerate,12.337349,83,83,208,334,30,3,"125,83,83",checked-ok
sgemm,N,N,2,m31_n31_k31,31,31,31,Accelerate,102.198971,583,625,750,1041,30,3,"625,625,708",checked-ok
sgemm,N,N,3,m33_n33_k33,33,33,33,Accelerate,90.750000,792,917,1041,1250,30,3,"833,917,917",checked-ok
sgemm,N,N,4,sq64,64,64,64,Accelerate,662.816688,791,958,1042,1625,30,3,"833,958,1000",checked-ok
sgemm,N,N,5,sq96,96,96,96,Accelerate,943.718400,1875,1917,2292,2667,30,3,"2208,1917,1917",checked-ok
sgemm,N,N,6,sq128,128,128,128,Accelerate,1144.109111,3666,4917,5000,5959,30,3,"4500,4917,4917",checked-ok
sgemm,N,N,7,sq192,192,192,192,Accelerate,1587.504318,8917,11042,13500,47250,30,3,"9875,11042,11708",checked-ok
sgemm,N,N,8,sq256,256,256,256,Accelerate,1491.308089,22500,27583,31625,31917,30,3,"25458,27583,27708",checked-ok
sgemm,N,N,9,sq384,384,384,384,Accelerate,1695.530955,66791,75542,89959,119042,30,3,"67291,75542,77000",checked-ok
sgemm,N,N,10,sq512,512,512,512,Accelerate,1535.382085,174833,200083,209917,221125,30,3,"175500,200083,201083",checked-ok
sgemm,N,N,11,sq768,768,768,768,Accelerate,1802.924704,502500,559375,628625,660625,30,3,"503625,566375,559375",checked-ok
sgemm,N,N,12,sq1024,1024,1024,1024,Accelerate,1929.165748,1113167,1414458,1862542,1890084,30,3,"1120208,1414458,1729250",checked-ok
sgemm,N,N,13,m63_n65_k17,63,65,17,Accelerate,159.120000,875,1333,1375,1791,30,3,"875,1333,1333",checked-ok
sgemm,N,N,14,m65_n63_k33,65,63,33,Accelerate,249.556787,1083,1625,1917,2209,30,3,"1125,1625,1708",checked-ok
sgemm,N,N,15,m127_n129_k31,127,129,31,Accelerate,406.298400,2500,3958,4959,39292,30,3,"2542,4250,3958",checked-ok
sgemm,N,N,16,m129_n127_k33,129,127,33,Accelerate,365.543611,2958,4166,4250,11917,30,3,"3000,4208,4166",checked-ok
sgemm,N,N,17,m1_n4096_k256,1,4096,256,Accelerate,210.599719,9958,15083,19500,23708,30,3,"10042,15083,15125",checked-ok
sgemm,N,N,18,m4096_n1_k256,4096,1,256,Accelerate,372.827022,5625,7708,7834,16042,30,3,"5750,7708,7708",checked-ok
sgemm,N,N,19,m1024_n64_k1024,1024,64,1024,Accelerate,1665.583659,80583,94167,103375,146208,30,3,"80958,100375,94167",checked-ok
sgemm,N,N,20,m2048_n64_k512,2048,64,512,Accelerate,1660.411807,80834,100583,130375,149833,30,3,"81709,100583,101625",checked-ok
sgemm,N,N,21,m4096_n32_k256,4096,32,256,Accelerate,1563.689540,42917,53542,60334,61750,30,3,"43792,53542,53584",checked-ok
sgemm,N,N,22,m2048_n17_k257,2048,17,257,Accelerate,753.491537,23750,27292,29000,34750,30,3,"24083,27292,27375",checked-ok
sgemm,N,N,23,m512_n64_k2048,512,64,2048,Accelerate,1621.966502,82750,94042,108375,144166,30,3,"83416,94042,100167",checked-ok
sgemm,N,N,24,m64_n1024_k1024,64,1024,1024,Accelerate,1105.810323,121375,147500,152541,157375,30,3,"121584,147500,148125",checked-ok
sgemm,N,N,25,m64_n2048_k512,64,2048,512,Accelerate,1100.145311,122000,147417,154208,155375,30,3,"122875,147417,147458",checked-ok
sgemm,N,N,26,m32_n4096_k256,32,4096,256,Accelerate,883.988408,75916,92375,99375,99958,30,3,"79459,92375,92458",checked-ok
sgemm,N,N,27,m17_n2048_k257,17,2048,257,Accelerate,429.064544,41708,50084,56167,60208,30,3,"41791,50250,50084",checked-ok
sgemm,N,N,28,m64_n512_k2048,64,512,2048,Accelerate,1097.895526,122250,138500,147292,159500,30,3,"122417,138500,138542",checked-ok
sgemm,N,N,29,m1024_n1024_k64,1024,1024,64,Accelerate,1043.480879,128625,143958,179125,218291,30,3,"130375,144458,143958",checked-ok
sgemm,N,N,30,m1024_n1024_k128,1024,1024,128,Accelerate,1203.746439,223000,245458,275958,276541,30,3,"224917,245458,266916",checked-ok
sgemm,N,N,31,m1024_n1024_k256,1024,1024,256,Accelerate,1497.025896,358625,427500,507792,554083,30,3,"362042,457625,427500",checked-ok
sgemm,N,N,32,m256_n256_k2048,256,256,2048,Accelerate,1438.044518,186667,222792,253541,257709,30,3,"187667,222792,241417",checked-ok
sgemm,N,N,33,m128_n128_k4096,128,128,4096,Accelerate,1401.751728,95750,125167,146291,156208,30,3,"96375,125167,127792",checked-ok
sgemm,N,N,34,m1536_n256_k256,1536,256,256,Accelerate,1515.157795,132875,158125,200375,215500,30,3,"134250,169667,158125",checked-ok
sgemm,N,N,35,m256_n1536_k256,256,1536,256,Accelerate,1418.212373,141958,169833,209750,253000,30,3,"142167,169833,171208",checked-ok
sgemm,N,N,36,m512_n256_k768,512,256,768,Accelerate,1472.676010,136708,166000,193500,203625,30,3,"137583,166083,166000",checked-ok
sgemm,N,N,37,m256_n512_k768,256,512,768,Accelerate,1637.920141,122916,158500,167792,178834,30,3,"123041,159209,158500",checked-ok
sgemm,N,N,38,m768_n512_k256,768,512,256,Accelerate,1651.341421,121917,146208,175083,194250,30,3,"122291,146208,157125",checked-ok
sgemm,N,N,39,m512_n768_k256,512,768,256,Accelerate,1424.907404,141291,182000,215958,234000,30,3,"142167,183542,182000",checked-ok
sgemm,N,N,40,m384_n640_k96,384,640,96,Accelerate,1157.936687,40750,45750,48625,48625,30,3,"41042,45750,45916",checked-ok
sgemm,N,N,41,m640_n384_k96,640,384,96,Accelerate,1335.463165,35333,44959,60375,89167,30,3,"35417,45166,44959",checked-ok
dgemm,N,N,0,m1_n1_k1,1,1,1,Accelerate,2.000000,1,41,42,166,30,3,"41,41,42",checked-ok
dgemm,N,N,1,m8_n8_k8,8,8,8,Accelerate,24.380952,42,84,166,292,30,3,"83,84,84",checked-ok
dgemm,N,N,2,m31_n31_k31,31,31,31,Accelerate,84.155367,708,792,834,1083,30,3,"750,792,792",checked-ok
dgemm,N,N,3,m33_n33_k33,33,33,33,Accelerate,82.141714,875,958,1334,1459,30,3,"916,1000,958",checked-ok
dgemm,N,N,4,sq64,64,64,64,Accelerate,267.767109,1958,2125,2250,3208,30,3,"2000,2125,2125",checked-ok
dgemm,N,N,5,sq96,96,96,96,Accelerate,389.579921,4542,5458,8417,10500,30,3,"4584,5458,5458",checked-ok
dgemm,N,N,6,sq128,128,128,128,Accelerate,399.457524,10500,13167,13250,14584,30,3,"10542,13208,13167",checked-ok
dgemm,N,N,7,sq192,192,192,192,Accelerate,440.646724,32125,32250,44209,58250,30,3,"32250,32334,32250",checked-ok
dgemm,N,N,8,sq256,256,256,256,Accelerate,403.259687,83208,84750,97334,117916,30,3,"84750,83833,85291",checked-ok
dgemm,N,N,9,sq384,384,384,384,Accelerate,469.657680,241125,241750,307083,340000,30,3,"241666,241750,271333",checked-ok
dgemm,N,N,10,sq512,512,512,512,Accelerate,419.266624,640250,713583,813334,843708,30,3,"644625,761750,713583",checked-ok
dgemm,N,N,11,sq768,768,768,768,Accelerate,505.046827,1793833,2138250,2530791,2552375,30,3,"1892000,2322000,2138250",checked-ok
dgemm,N,N,12,sq1024,1024,1024,1024,Accelerate,466.725865,4601167,6855250,7799750,7800500,30,3,"4683000,6855250,6964875",checked-ok
dgemm,N,N,13,m63_n65_k17,63,65,17,Accelerate,79.560000,1750,2042,2416,3250,30,3,"1792,2292,2042",checked-ok
dgemm,N,N,14,m65_n63_k33,65,63,33,Accelerate,127.185882,2125,2834,2958,3709,30,3,"2208,2834,2834",checked-ok
dgemm,N,N,15,m127_n129_k31,127,129,31,Accelerate,210.168839,4833,5833,7250,7958,30,3,"5500,7166,5833",checked-ok
dgemm,N,N,16,m129_n127_k33,129,127,33,Accelerate,212.724375,5083,6459,8042,11500,30,3,"5667,7916,6459",checked-ok
dgemm,N,N,17,m1_n4096_k256,1,4096,256,Accelerate,120.699396,17375,21084,28875,30334,30,3,"17417,22917,21084",checked-ok
dgemm,N,N,18,m4096_n1_k256,4096,1,256,Accelerate,195.849085,10708,15000,20166,25541,30,3,"10791,15000,15167",checked-ok
dgemm,N,N,19,m1024_n64_k1024,1024,64,1024,Accelerate,312.376161,429667,479500,624459,679042,30,3,"432875,548416,479500",checked-ok
dgemm,N,N,20,m2048_n64_k512,2048,64,512,Accelerate,260.976233,514291,579584,671375,700958,30,3,"542208,618959,579584",checked-ok
dgemm,N,N,21,m4096_n32_k256,4096,32,256,Accelerate,172.055922,390041,482709,579125,634875,30,3,"401875,483709,482709",checked-ok
dgemm,N,N,22,m2048_n17_k257,2048,17,257,Accelerate,269.274188,66458,77959,112875,134041,30,3,"67541,87458,77959",checked-ok
dgemm,N,N,23,m512_n64_k2048,512,64,2048,Accelerate,278.267192,482334,517750,667417,754292,30,3,"485542,553417,517750",checked-ok
dgemm,N,N,24,m64_n1024_k1024,64,1024,1024,Accelerate,317.644271,422541,484834,543917,546542,30,3,"425958,485083,484834",checked-ok
dgemm,N,N,25,m64_n2048_k512,64,2048,512,Accelerate,331.572906,404791,435375,489667,576833,30,3,"408458,438708,435375",checked-ok
dgemm,N,N,26,m32_n4096_k256,32,4096,256,Accelerate,277.213133,242084,260208,308042,335500,30,3,"244750,260208,260875",checked-ok
dgemm,N,N,27,m17_n2048_k257,17,2048,257,Accelerate,144.561592,123791,124417,141167,177916,30,3,"124417,133458,124334",checked-ok
dgemm,N,N,28,m64_n512_k2048,64,512,2048,Accelerate,313.409756,428250,458250,540000,558333,30,3,"432000,493834,458250",checked-ok
dgemm,N,N,29,m1024_n1024_k64,1024,1024,64,Accelerate,276.999162,484542,533167,615958,657334,30,3,"535833,505416,533167",checked-ok
dgemm,N,N,30,m1024_n1024_k128,1024,1024,128,Accelerate,308.265873,870792,957208,1212291,1215667,30,3,"957208,953458,1016666",checked-ok
dgemm,N,N,31,m1024_n1024_k256,1024,1024,256,Accelerate,381.108727,1408708,1544667,1801417,1861583,30,3,"1544667,1748083,1423625",checked-ok
dgemm,N,N,32,m256_n256_k2048,256,256,2048,Accelerate,281.994602,951917,1078625,1230958,1253167,30,3,"1078625,955667,1081917",checked-ok
dgemm,N,N,33,m128_n128_k4096,128,128,4096,Accelerate,256.140702,524000,591541,671541,699458,30,3,"598209,591541,571875",checked-ok
dgemm,N,N,34,m1536_n256_k256,1536,256,256,Accelerate,284.744884,707042,791292,851833,898625,30,3,"807417,791292,719709",checked-ok
dgemm,N,N,35,m256_n1536_k256,256,1536,256,Accelerate,295.290341,681792,700083,874834,922083,30,3,"784333,694667,700083",checked-ok
dgemm,N,N,36,m512_n256_k768,512,256,768,Accelerate,309.020095,651500,658541,792333,874916,30,3,"736833,657625,658541",checked-ok
dgemm,N,N,37,m256_n512_k768,256,512,768,Accelerate,300.207407,670625,680958,832416,931291,30,3,"764459,680958,675542",checked-ok
dgemm,N,N,38,m768_n512_k256,768,512,256,Accelerate,311.932583,645417,671333,813208,841125,30,3,"751833,671333,669833",checked-ok
dgemm,N,N,39,m512_n768_k256,512,768,256,Accelerate,284.125230,708584,718250,893000,916500,30,3,"808834,714917,718250",checked-ok
dgemm,N,N,40,m384_n640_k96,384,640,96,Accelerate,311.201451,151625,152083,173959,181583,30,3,"170666,152083,152083",checked-ok
dgemm,N,N,41,m640_n384_k96,640,384,96,Accelerate,344.737315,136875,138958,173916,188000,30,3,"168917,138958,138709",checked-ok
cgemm,N,N,0,m1_n1_k1,1,1,1,Accelerate,0.096386,83,125,208,375,30,3,"166,125,125",checked-ok
cgemm,N,N,1,m8_n8_k8,8,8,8,Accelerate,14.075601,291,334,708,875,30,3,"375,333,334",checked-ok
cgemm,N,N,2,m31_n31_k31,31,31,31,Accelerate,58.370806,4083,4667,5125,8750,30,3,"5000,4375,4667",checked-ok
cgemm,N,N,3,m33_n33_k33,33,33,33,Accelerate,53.072919,5417,6458,6750,6750,30,3,"6625,6458,5792",checked-ok
cgemm,N,N,4,sq64,64,64,64,Accelerate,196.620289,10666,11666,45084,51833,30,3,"14291,11666,11250",checked-ok
cgemm,N,N,5,sq96,96,96,96,Accelerate,318.708934,22208,22333,25416,29791,30,3,"23750,22292,22333",checked-ok
cgemm,N,N,6,sq128,128,128,128,Accelerate,417.696958,40166,41209,47625,51208,30,3,"46333,41125,41209",checked-ok
cgemm,N,N,7,sq192,192,192,192,Accelerate,642.830752,88084,89708,102083,120625,30,3,"93583,89708,88292",checked-ok
cgemm,N,N,8,sq256,256,256,256,Accelerate,738.303820,181792,187125,222375,238416,30,3,"199125,186042,187125",checked-ok
cgemm,N,N,9,sq384,384,384,384,Accelerate,962.773288,470500,506959,573541,577833,30,3,"511209,479500,506959",checked-ok
cgemm,N,N,10,sq512,512,512,512,Accelerate,968.643955,1108500,1212625,1481375,1503292,30,3,"1212625,1288083,1125625",checked-ok
cgemm,N,N,11,sq768,768,768,768,Accelerate,1129.887349,3207292,3462083,5178750,5458208,30,3,"4311166,3462083,3461792",checked-ok
cgemm,N,N,12,sq1024,1024,1024,1024,Accelerate,1025.735235,8374417,9471333,19029750,27474208,30,3,"9850334,9432209,9471333",checked-ok
cgemm,N,N,13,m63_n65_k17,63,65,17,Accelerate,47.907097,11625,12834,18917,22375,30,3,"16750,12834,12000",checked-ok
cgemm,N,N,14,m65_n63_k33,65,63,33,Accelerate,86.486400,12500,14958,16333,20041,30,3,"15500,14958,13292",checked-ok
cgemm,N,N,15,m127_n129_k31,127,129,31,Accelerate,146.635773,27708,35666,42208,45292,30,3,"35666,36334,28000",checked-ok
cgemm,N,N,16,m129_n127_k33,129,127,33,Accelerate,138.959422,31125,36833,42333,45625,30,3,"41042,36833,31250",checked-ok
cgemm,N,N,17,m1_n4096_k256,1,4096,256,Accelerate,17.774056,471958,511333,658250,910916,30,3,"558292,511333,474709",checked-ok
cgemm,N,N,18,m4096_n1_k256,4096,1,256,Accelerate,20.329859,412625,448625,554333,883542,30,3,"476000,448625,415750",checked-ok
cgemm,N,N,19,m1024_n64_k1024,1024,64,1024,Accelerate,665.749330,806416,884292,1316875,1452208,30,3,"884292,885334,813584",checked-ok
cgemm,N,N,20,m2048_n64_k512,2048,64,512,Accelerate,621.497779,863834,883792,1064709,1132500,30,3,"953917,881791,883792",checked-ok
cgemm,N,N,21,m4096_n32_k256,4096,32,256,Accelerate,396.458715,677083,695125,885292,924041,30,3,"690042,747791,695125",checked-ok
cgemm,N,N,22,m2048_n17_k257,2048,17,257,Accelerate,209.814858,341166,346541,392416,446500,30,3,"371292,345500,346541",checked-ok
cgemm,N,N,23,m512_n64_k2048,512,64,2048,Accelerate,637.014722,842792,858542,1121583,1152042,30,3,"904917,858542,856583",checked-ok
cgemm,N,N,24,m64_n1024_k1024,64,1024,1024,Accelerate,506.302876,1060375,1128958,1196958,1265666,30,3,"1148000,1069500,1128958",checked-ok
cgemm,N,N,25,m64_n2048_k512,64,2048,512,Accelerate,492.636581,1089791,1100375,1230333,1303042,30,3,"1100375,1190042,1099375",checked-ok
cgemm,N,N,26,m32_n4096_k256,32,4096,256,Accelerate,308.842209,869167,888083,958541,998875,30,3,"888083,884416,892375",checked-ok
cgemm,N,N,27,m17_n2048_k257,17,2048,257,Accelerate,155.499476,460334,466792,502834,507417,30,3,"466792,469541,464500",checked-ok
cgemm,N,N,28,m64_n512_k2048,64,512,2048,Accelerate,536.379052,1000917,1016625,1145250,1162958,30,3,"1013250,1075958,1016625",checked-ok
cgemm,N,N,29,m1024_n1024_k64,1024,1024,64,Accelerate,485.160997,1106583,1265208,1324416,1398875,30,3,"1265208,1266292,1248667",checked-ok
cgemm,N,N,30,m1024_n1024_k128,1024,1024,128,Accelerate,722.875923,1485375,1619708,2025750,2120625,30,3,"1619708,1610584,1854625",checked-ok
cgemm,N,N,31,m1024_n1024_k256,1024,1024,256,Accelerate,864.961695,2482750,2661333,3690958,3703333,30,3,"2647500,3230000,2661333",checked-ok
cgemm,N,N,32,m256_n256_k2048,256,256,2048,Accelerate,735.880630,1459125,1797083,1992500,2065667,30,3,"1797083,1474583,1820167",checked-ok
cgemm,N,N,33,m128_n128_k4096,128,128,4096,Accelerate,518.694809,1035042,1053500,1277417,1332667,30,3,"1047042,1053500,1170250",checked-ok
cgemm,N,N,34,m1536_n256_k256,1536,256,256,Accelerate,681.957335,1180875,1334583,1552583,1571125,30,3,"1215125,1349791,1334583",checked-ok
cgemm,N,N,35,m256_n1536_k256,256,1536,256,Accelerate,704.606785,1142916,1393042,1481292,1522333,30,3,"1398041,1245292,1393042",checked-ok
cgemm,N,N,36,m512_n256_k768,512,256,768,Accelerate,831.176744,968875,1064791,1337708,1361084,30,3,"1052458,1064791,1203500",checked-ok
cgemm,N,N,37,m256_n512_k768,256,512,768,Accelerate,762.631059,1055958,1069875,1268500,1306792,30,3,"1069875,1192750,1064542",checked-ok
cgemm,N,N,38,m768_n512_k256,768,512,256,Accelerate,800.503348,1006000,1153417,1322584,1363208,30,3,"1246875,1122667,1153417",checked-ok
cgemm,N,N,39,m512_n768_k256,512,768,256,Accelerate,732.041462,1100083,1200125,1426333,1593958,30,3,"1196125,1200125,1337166",checked-ok
cgemm,N,N,40,m384_n640_k96,384,640,96,Accelerate,450.551493,418917,431500,492709,499584,30,3,"431500,430875,431958",checked-ok
cgemm,N,N,41,m640_n384_k96,640,384,96,Accelerate,509.429636,370500,391250,432583,447375,30,3,"401333,391250,384167",checked-ok
zgemm,N,N,0,m1_n1_k1,1,1,1,Accelerate,0.096386,83,125,166,292,30,3,"125,125,125",checked-ok
zgemm,N,N,1,m8_n8_k8,8,8,8,Accelerate,9.846154,416,458,666,3750,30,3,"459,458,458",checked-ok
zgemm,N,N,2,m31_n31_k31,31,31,31,Accelerate,42.062831,5666,6333,7709,11791,30,3,"6334,6166,6333",checked-ok
zgemm,N,N,3,m33_n33_k33,33,33,33,Accelerate,39.205782,7333,8208,12250,15000,30,3,"8208,8292,7792",checked-ok
zgemm,N,N,4,sq64,64,64,64,Accelerate,108.240103,19375,24875,29834,47208,30,3,"23292,25250,24875",checked-ok
zgemm,N,N,5,sq96,96,96,96,Accelerate,175.664847,40292,57209,72083,74833,30,3,"56583,62000,57209",checked-ok
zgemm,N,N,6,sq128,128,128,128,Accelerate,196.606464,85334,108000,132500,145084,30,3,"101250,108000,112917",checked-ok
zgemm,N,N,7,sq192,192,192,192,Accelerate,238.370915,237542,265333,292958,315458,30,3,"265333,264792,268167",checked-ok
zgemm,N,N,8,sq256,256,256,256,Accelerate,241.597805,555542,605333,684334,745708,30,3,"638500,597916,605333",checked-ok
zgemm,N,N,9,sq384,384,384,384,Accelerate,283.108088,1600042,1715875,2032375,2155333,30,3,"1715875,1667709,1852625",checked-ok
zgemm,N,N,10,sq512,512,512,512,Accelerate,272.304425,3943167,4346375,5491875,5752542,30,3,"4271167,4814833,4346375",checked-ok
zgemm,N,N,11,sq768,768,768,768,Accelerate,301.008475,12039125,13065458,15741583,15806041,30,3,"13921833,12628125,13065458",checked-ok
zgemm,N,N,12,sq1024,1024,1024,1024,Accelerate,339.584621,25295417,27242667,35672958,38713333,30,3,"27242667,28102334,26958500",checked-ok
zgemm,N,N,13,m63_n65_k17,63,65,17,Accelerate,39.197635,14208,21875,32041,35375,30,3,"31083,21875,16333",checked-ok
zgemm,N,N,14,m65_n63_k33,65,63,33,Accelerate,53.497625,20208,29875,34333,36667,30,3,"32833,29875,21709",checked-ok
zgemm,N,N,15,m127_n129_k31,127,129,31,Accelerate,78.764423,51584,77208,88250,89875,30,3,"85583,77208,55875",checked-ok
zgemm,N,N,16,m129_n127_k33,129,127,33,Accelerate,84.876016,50958,65208,79875,81625,30,3,"77625,65208,55458",checked-ok
zgemm,N,N,17,m1_n4096_k256,1,4096,256,Accelerate,5.459258,1536584,2191583,2697958,2971416,30,3,"2433667,2191583,1946625",checked-ok
zgemm,N,N,18,m4096_n1_k256,4096,1,256,Accelerate,5.258626,1595209,2080709,2914875,2951459,30,3,"2207458,2080709,1708458",checked-ok
zgemm,N,N,19,m1024_n64_k1024,1024,64,1024,Accelerate,140.755504,3814209,4469167,5041958,5907000,30,3,"4530833,4469167,4210833",checked-ok
zgemm,N,N,20,m2048_n64_k512,2048,64,512,Accelerate,114.680280,4681458,5250083,6387208,6548083,30,3,"5619667,5250083,5237209",checked-ok
zgemm,N,N,21,m4096_n32_k256,4096,32,256,Accelerate,69.678249,3852500,4700083,5610417,5731666,30,3,"4193708,4773708,4700083",checked-ok
zgemm,N,N,22,m2048_n17_k257,2048,17,257,Accelerate,77.403023,924792,1152084,1268833,1352125,30,3,"1152084,1165666,974875",checked-ok
zgemm,N,N,23,m512_n64_k2048,512,64,2048,Accelerate,139.015176,3861959,4458833,4936417,5052875,30,3,"4675208,4216167,4458833",checked-ok
zgemm,N,N,24,m64_n1024_k1024,64,1024,1024,Accelerate,168.170725,3192416,3854750,4703209,4927709,30,3,"3559708,3854750,4215500",checked-ok
zgemm,N,N,25,m64_n2048_k512,64,2048,512,Accelerate,151.332486,3547625,3912708,4637875,4982292,30,3,"3898292,4272375,3912708",checked-ok
zgemm,N,N,26,m32_n4096_k256,32,4096,256,Accelerate,91.254139,2941625,3572125,3979458,4293292,30,3,"3582750,3390750,3572125",checked-ok
zgemm,N,N,27,m17_n2048_k257,17,2048,257,Accelerate,58.172853,1230500,1383125,1662375,1678667,30,3,"1378708,1383125,1393750",checked-ok
zgemm,N,N,28,m64_n512_k2048,64,512,2048,Accelerate,152.804135,3513458,4168917,4924333,4987334,30,3,"3925958,4446917,4168917",checked-ok
zgemm,N,N,29,m1024_n1024_k64,1024,1024,64,Accelerate,165.216468,3249500,3835125,4407834,4910750,30,3,"3967542,3383458,3835125",checked-ok
zgemm,N,N,30,m1024_n1024_k128,1024,1024,128,Accelerate,191.272837,5613666,6049000,7743750,7802042,30,3,"6049000,5992750,7315041",checked-ok
zgemm,N,N,31,m1024_n1024_k256,1024,1024,256,Accelerate,255.300743,8411584,9465625,10152542,10285667,30,3,"9465625,9832959,8816750",checked-ok
zgemm,N,N,32,m256_n256_k2048,256,256,2048,Accelerate,208.724939,5144291,6502541,9408625,9510334,30,3,"6502541,5736791,7261792",checked-ok
zgemm,N,N,33,m128_n128_k4096,128,128,4096,Accelerate,164.499292,3263667,4376125,5144666,5246334,30,3,"3677083,4555250,4376125",checked-ok
zgemm,N,N,34,m1536_n256_k256,1536,256,256,Accelerate,246.170635,3271334,3779666,4701750,4984875,30,3,"3779666,4170916,3542625",checked-ok
zgemm,N,N,35,m256_n1536_k256,256,1536,256,Accelerate,222.529479,3618875,4215708,5191417,5285917,30,3,"4286458,3899750,4215708",checked-ok
zgemm,N,N,36,m512_n256_k768,512,256,768,Accelerate,256.596357,3138417,3798875,4542625,4548542,30,3,"3416542,3798875,3973041",checked-ok
zgemm,N,N,37,m256_n512_k768,256,512,768,Accelerate,244.325275,3296042,4134833,4804417,5037292,30,3,"4134833,4235208,3635084",checked-ok
zgemm,N,N,38,m768_n512_k256,768,512,256,Accelerate,262.899923,3063167,3742750,4491833,4673083,30,3,"4058916,3309958,3742750",checked-ok
zgemm,N,N,39,m512_n768_k256,512,768,256,Accelerate,242.869989,3315792,3876667,4742167,4775917,30,3,"3651667,3876667,4093042",checked-ok
zgemm,N,N,40,m384_n640_k96,384,640,96,Accelerate,201.559433,936417,1194667,1284083,1335459,30,3,"1221125,1194667,1003917",checked-ok
zgemm,N,N,41,m640_n384_k96,640,384,96,Accelerate,203.744358,926375,1051917,1106584,1123958,30,3,"1058500,1051917,967792",checked-ok
sgemm,N,N,0,m1_n1_k1,1,1,1,OpenBLAS,2.000000,1,42,125,208,30,3,"83,42,42",checked-ok
sgemm,N,N,1,m8_n8_k8,8,8,8,OpenBLAS,12.337349,83,125,333,417,30,3,"125,125,125",checked-ok
sgemm,N,N,2,m31_n31_k31,31,31,31,OpenBLAS,40.865569,1458,1500,3666,8208,30,3,"1500,1500,1500",checked-ok
sgemm,N,N,3,m33_n33_k33,33,33,33,OpenBLAS,75.025052,958,1209,1333,1500,30,3,"1000,1250,1209",checked-ok
sgemm,N,N,4,sq64,64,64,64,OpenBLAS,36.686586,14291,17667,19792,26500,30,3,"14583,17667,18666",checked-ok
sgemm,N,N,5,sq96,96,96,96,OpenBLAS,59.811790,29584,42916,53666,60458,30,3,"41417,42916,43917",checked-ok
sgemm,N,N,6,sq128,128,128,128,OpenBLAS,92.777915,45208,51583,63083,63459,30,3,"52500,51583,51417",checked-ok
sgemm,N,N,7,sq192,192,192,192,OpenBLAS,177.037932,79959,91792,138416,472208,30,3,"85583,93792,91792",checked-ok
sgemm,N,N,8,sq256,256,256,256,OpenBLAS,289.784456,115791,125875,171542,179042,30,3,"127458,125875,125291",checked-ok
sgemm,N,N,9,sq384,384,384,384,OpenBLAS,357.901782,316417,324750,488542,932417,30,3,"320500,324959,324750",checked-ok
sgemm,N,N,10,sq512,512,512,512,OpenBLAS,418.911996,640792,661167,940209,1146583,30,3,"648708,665292,661167",checked-ok
sgemm,N,N,11,sq768,768,768,768,OpenBLAS,479.253939,1890375,1995250,2663917,3181000,30,3,"1975333,2007625,1995250",checked-ok
sgemm,N,N,12,sq1024,1024,1024,1024,OpenBLAS,461.584516,4652417,5012875,6867792,7487209,30,3,"4883375,5141167,5012875",checked-ok
sgemm,N,N,13,m63_n65_k17,63,65,17,OpenBLAS,53.902439,2583,3792,4167,4208,30,3,"2625,3834,3792",checked-ok
sgemm,N,N,14,m65_n63_k33,65,63,33,OpenBLAS,79.118852,3416,5125,5417,5833,30,3,"3459,5125,5125",checked-ok
sgemm,N,N,15,m127_n129_k31,127,129,31,OpenBLAS,77.143313,13167,18333,18625,28000,30,3,"13333,18375,18333",checked-ok
sgemm,N,N,16,m129_n127_k33,129,127,33,OpenBLAS,38.559233,28042,43583,52875,55333,30,3,"40875,46000,43583",checked-ok
sgemm,N,N,17,m1_n4096_k256,1,4096,256,OpenBLAS,45.139844,46459,54333,66167,77625,30,3,"51958,60042,54333",checked-ok
sgemm,N,N,18,m4096_n1_k256,4096,1,256,OpenBLAS,44.034688,47625,53875,67042,81083,30,3,"58625,53875,53500",checked-ok
sgemm,N,N,19,m1024_n64_k1024,1024,64,1024,OpenBLAS,228.877621,586417,620375,2164916,2225875,30,3,"663041,620375,607750",checked-ok
sgemm,N,N,20,m2048_n64_k512,2048,64,512,OpenBLAS,250.601173,535583,553541,12043042,18274625,30,3,"717750,553541,549084",checked-ok
sgemm,N,N,21,m4096_n32_k256,4096,32,256,OpenBLAS,219.548934,305667,328375,1409833,3216500,30,3,"332292,328375,325250",checked-ok
sgemm,N,N,22,m2048_n17_k257,2048,17,257,OpenBLAS,122.396186,146209,159958,288917,1967875,30,3,"156167,162917,159958",checked-ok
sgemm,N,N,23,m512_n64_k2048,512,64,2048,OpenBLAS,205.973878,651625,666667,2092584,2607916,30,3,"666667,666000,667542",checked-ok
sgemm,N,N,24,m64_n1024_k1024,64,1024,1024,OpenBLAS,419.102976,320250,330417,397000,469042,30,3,"330417,327125,331500",checked-ok
sgemm,N,N,25,m64_n2048_k512,64,2048,512,OpenBLAS,438.023112,306417,317541,426833,539500,30,3,"316041,321750,317541",checked-ok
sgemm,N,N,26,m32_n4096_k256,32,4096,256,OpenBLAS,366.132893,183291,193750,369000,399833,30,3,"298083,193750,190500",checked-ok
sgemm,N,N,27,m17_n2048_k257,17,2048,257,OpenBLAS,207.082218,86417,95833,120250,121375,30,3,"90834,97750,95833",checked-ok
sgemm,N,N,28,m64_n512_k2048,64,512,2048,OpenBLAS,402.703119,333292,342750,426375,510000,30,3,"342750,344750,339042",checked-ok
sgemm,N,N,29,m1024_n1024_k64,1024,1024,64,OpenBLAS,399.557413,335916,344583,448625,546417,30,3,"341084,345167,344583",checked-ok
sgemm,N,N,30,m1024_n1024_k128,1024,1024,128,OpenBLAS,433.805634,618792,633167,867333,1094958,30,3,"627917,633167,633375",checked-ok
sgemm,N,N,31,m1024_n1024_k256,1024,1024,256,OpenBLAS,461.278842,1163875,1221583,1683125,1732791,30,3,"1221583,1225167,1216625",checked-ok
sgemm,N,N,32,m256_n256_k2048,256,256,2048,OpenBLAS,343.523952,781417,802250,1619500,1647750,30,3,"847625,795042,802250",checked-ok
sgemm,N,N,33,m128_n128_k4096,128,128,4096,OpenBLAS,251.992918,532625,551875,1511417,2677709,30,3,"565875,546958,551875",checked-ok
sgemm,N,N,34,m1536_n256_k256,1536,256,256,OpenBLAS,409.755893,491333,510542,2199625,2603083,30,3,"522166,510542,508125",checked-ok
sgemm,N,N,35,m256_n1536_k256,256,1536,256,OpenBLAS,478.779054,420500,437334,568958,710000,30,3,"432458,437334,441042",checked-ok
sgemm,N,N,36,m512_n256_k768,512,256,768,OpenBLAS,379.891599,529958,598166,897375,1072292,30,3,"598166,553958,728750",checked-ok
sgemm,N,N,37,m256_n512_k768,256,512,768,OpenBLAS,439.138573,458458,501041,749833,755041,30,3,"507209,501041,497375",checked-ok
sgemm,N,N,38,m768_n512_k256,768,512,256,OpenBLAS,429.802061,468417,483875,731000,1000958,30,3,"486250,480708,483875",checked-ok
sgemm,N,N,39,m512_n768_k256,512,768,256,OpenBLAS,457.256984,440292,478375,740625,791416,30,3,"499375,475375,478375",checked-ok
sgemm,N,N,40,m384_n640_k96,384,640,96,OpenBLAS,366.731848,128666,144708,219250,230875,30,3,"144708,138708,183167",checked-ok
sgemm,N,N,41,m640_n384_k96,640,384,96,OpenBLAS,348.770955,135292,147166,249125,278333,30,3,"142083,147166,149792",checked-ok
dgemm,N,N,0,m1_n1_k1,1,1,1,OpenBLAS,2.000000,1,42,83,208,30,3,"41,42,42",checked-ok
dgemm,N,N,1,m8_n8_k8,8,8,8,OpenBLAS,12.337349,83,84,167,292,30,3,"83,84,84",checked-ok
dgemm,N,N,2,m31_n31_k31,31,31,31,OpenBLAS,36.665846,1625,1833,2125,2167,30,3,"1667,1833,1834",checked-ok
dgemm,N,N,3,m33_n33_k33,33,33,33,OpenBLAS,41.070857,1750,2000,2042,2167,30,3,"1792,2000,2000",checked-ok
dgemm,N,N,4,sq64,64,64,64,OpenBLAS,23.301689,22500,23625,24167,24208,30,3,"22958,23750,23625",checked-ok
dgemm,N,N,5,sq96,96,96,96,OpenBLAS,44.283297,39958,47958,57542,57833,30,3,"46084,47958,48500",checked-ok
dgemm,N,N,6,sq128,128,128,128,OpenBLAS,83.055525,50500,61083,104917,132500,30,3,"61083,59417,71459",checked-ok
dgemm,N,N,7,sq192,192,192,192,OpenBLAS,132.970524,106458,112333,154875,159250,30,3,"115500,111791,112333",checked-ok
dgemm,N,N,8,sq256,256,256,256,OpenBLAS,176.062041,190583,194791,274417,349666,30,3,"195291,194791,194708",checked-ok
dgemm,N,N,9,sq384,384,384,384,OpenBLAS,210.674549,537541,545500,760459,950083,30,3,"544208,545500,546916",checked-ok
dgemm,N,N,10,sq512,512,512,512,OpenBLAS,227.142726,1181792,1218208,1716000,1751250,30,3,"1213958,1226041,1218208",checked-ok
dgemm,N,N,11,sq768,768,768,768,OpenBLAS,246.293355,3678417,3944292,5214583,5595042,30,3,"3813959,3946875,3944292",checked-ok
dgemm,N,N,12,sq1024,1024,1024,1024,OpenBLAS,244.004505,8801000,10755875,18643583,19793584,30,3,"9799500,10755875,10981334",checked-ok
dgemm,N,N,13,m63_n65_k17,63,65,17,OpenBLAS,33.420547,4166,5125,6041,6042,30,3,"4250,5709,5125",checked-ok
dgemm,N,N,14,m65_n63_k33,65,63,33,OpenBLAS,37.932632,7125,8459,9750,9750,30,3,"7208,9542,8459",checked-ok
dgemm,N,N,15,m127_n129_k31,127,129,31,OpenBLAS,26.497952,38333,47833,55375,57084,30,3,"38791,54417,47833",checked-ok
dgemm,N,N,16,m129_n127_k33,129,127,33,OpenBLAS,32.156967,33625,49875,63666,63708,30,3,"46542,56625,49875",checked-ok
dgemm,N,N,17,m1_n4096_k256,1,4096,256,OpenBLAS,34.146116,61417,70667,84084,84583,30,3,"67417,78458,70667",checked-ok
dgemm,N,N,18,m4096_n1_k256,4096,1,256,OpenBLAS,29.161132,71916,88375,139333,157291,30,3,"82417,95791,88375",checked-ok
dgemm,N,N,19,m1024_n64_k1024,1024,64,1024,OpenBLAS,124.290059,1079875,1114208,3422833,3447791,30,3,"1108500,1193500,1114208",checked-ok
dgemm,N,N,20,m2048_n64_k512,2048,64,512,OpenBLAS,124.525532,1077833,1123042,2742333,3022667,30,3,"1115458,1126958,1123042",checked-ok
dgemm,N,N,21,m4096_n32_k256,4096,32,256,OpenBLAS,102.079599,657417,680000,2211375,2478209,30,3,"675958,680000,684166",checked-ok
dgemm,N,N,22,m2048_n17_k257,2048,17,257,OpenBLAS,62.263145,287416,305708,552042,1541041,30,3,"306334,305333,305708",checked-ok
dgemm,N,N,23,m512_n64_k2048,512,64,2048,OpenBLAS,120.735660,1111666,1158166,2920875,2945375,30,3,"1164583,1145000,1158166",checked-ok
dgemm,N,N,24,m64_n1024_k1024,64,1024,1024,OpenBLAS,222.367936,603584,642667,888542,1083250,30,3,"623666,651333,642667",checked-ok
dgemm,N,N,25,m64_n2048_k512,64,2048,512,OpenBLAS,232.579188,577084,612125,901542,954709,30,3,"599292,624500,612125",checked-ok
dgemm,N,N,26,m32_n4096_k256,32,4096,256,OpenBLAS,195.415659,343416,363959,693458,759458,30,3,"363459,363959,370291",checked-ok
dgemm,N,N,27,m17_n2048_k257,17,2048,257,OpenBLAS,145.787568,122750,134875,193500,216500,30,3,"126709,138208,134875",checked-ok
dgemm,N,N,28,m64_n512_k2048,64,512,2048,OpenBLAS,212.804861,630708,661250,944000,1027834,30,3,"656125,661250,669500",checked-ok
dgemm,N,N,29,m1024_n1024_k64,1024,1024,64,OpenBLAS,201.553541,665916,684750,1184333,1206333,30,3,"681125,814625,684750",checked-ok
dgemm,N,N,30,m1024_n1024_k128,1024,1024,128,OpenBLAS,228.051425,1177083,1213500,2069375,2166708,30,3,"1469542,1213333,1213500",checked-ok
dgemm,N,N,31,m1024_n1024_k256,1024,1024,256,OpenBLAS,240.618836,2231209,2348750,3454500,3683625,30,3,"2378958,2348750,2334083",checked-ok
dgemm,N,N,32,m256_n256_k2048,256,256,2048,OpenBLAS,201.503008,1332166,1371375,2450833,2512125,30,3,"1463792,1359709,1371375",checked-ok
dgemm,N,N,33,m128_n128_k4096,128,128,4096,OpenBLAS,160.363564,836959,871584,2162500,2256666,30,3,"890583,868708,871584",checked-ok
dgemm,N,N,34,m1536_n256_k256,1536,256,256,OpenBLAS,215.159405,935709,984583,5656500,11279125,30,3,"984583,998084,973083",checked-ok
dgemm,N,N,35,m256_n1536_k256,256,1536,256,OpenBLAS,241.326451,834250,856375,1370166,1375833,30,3,"1062625,853500,856375",checked-ok
dgemm,N,N,36,m512_n256_k768,512,256,768,OpenBLAS,206.382975,975500,1001041,1615375,1960333,30,3,"1014334,993625,1001041",checked-ok
dgemm,N,N,37,m256_n512_k768,256,512,768,OpenBLAS,226.198979,890042,948958,1634292,1642458,30,3,"949458,948958,948042",checked-ok
dgemm,N,N,38,m768_n512_k256,768,512,256,OpenBLAS,229.334008,877875,900583,1561916,1649458,30,3,"918916,895166,900583",checked-ok
dgemm,N,N,39,m512_n768_k256,512,768,256,OpenBLAS,228.726156,880208,950333,1482584,1527709,30,3,"959125,950333,931500",checked-ok
dgemm,N,N,40,m384_n640_k96,384,640,96,OpenBLAS,200.541965,235292,258292,411792,445083,30,3,"258292,248667,262833",checked-ok
dgemm,N,N,41,m640_n384_k96,640,384,96,OpenBLAS,181.979853,259292,270458,481166,488792,30,3,"274625,269542,270458",checked-ok
cgemm,N,N,0,m1_n1_k1,1,1,1,OpenBLAS,0.195122,41,42,125,292,30,3,"42,42,42",checked-ok
cgemm,N,N,1,m8_n8_k8,8,8,8,OpenBLAS,49.349398,83,125,250,458,30,3,"166,125,125",checked-ok
cgemm,N,N,2,m31_n31_k31,31,31,31,OpenBLAS,52.483594,4541,4584,6542,11542,30,3,"4917,4584,4583",checked-ok
cgemm,N,N,3,m33_n33_k33,33,33,33,OpenBLAS,62.730962,4583,4625,5084,5167,30,3,"4959,4625,4625",checked-ok
cgemm,N,N,4,sq64,64,64,64,OpenBLAS,65.197786,32166,47458,63167,74958,30,3,"48333,47458,46875",checked-ok
cgemm,N,N,5,sq96,96,96,96,OpenBLAS,125.550120,56375,66583,80042,80750,30,3,"66583,61458,70542",checked-ok
cgemm,N,N,6,sq128,128,128,128,OpenBLAS,213.834181,78459,87875,128333,135875,30,3,"86458,96541,87875",checked-ok
cgemm,N,N,7,sq192,192,192,192,OpenBLAS,308.783117,183375,186708,287208,303625,30,3,"186584,187541,186708",checked-ok
cgemm,N,N,8,sq256,256,256,256,OpenBLAS,392.401307,342042,349000,588000,636542,30,3,"357125,347958,349000",checked-ok
cgemm,N,N,9,sq384,384,384,384,OpenBLAS,457.021705,991167,1016584,1456167,1639708,30,3,"1016792,1016584,1002625",checked-ok
cgemm,N,N,10,sq512,512,512,512,OpenBLAS,478.574550,2243625,2311459,3469750,3531208,30,3,"2333625,2311459,2301042",checked-ok
cgemm,N,N,11,sq768,768,768,768,OpenBLAS,511.233499,7088500,8378583,9998000,10288750,30,3,"8753292,8378583,8054833",checked-ok
cgemm,N,N,12,sq1024,1024,1024,1024,OpenBLAS,484.574702,17726750,22858084,29009292,30830166,30,3,"23903292,22858084,22658667",checked-ok
cgemm,N,N,13,m63_n65_k17,63,65,17,OpenBLAS,15.505749,35917,49083,59875,62250,30,3,"52542,49083,41209",checked-ok
cgemm,N,N,14,m65_n63_k33,65,63,33,OpenBLAS,32.554806,33208,50000,61458,63667,30,3,"53583,50000,39167",checked-ok
cgemm,N,N,15,m127_n129_k31,127,129,31,OpenBLAS,92.868206,43750,56292,71041,75583,30,3,"55625,58875,56292",checked-ok
cgemm,N,N,16,m129_n127_k33,129,127,33,OpenBLAS,94.882239,45584,62958,90500,102416,30,3,"62958,71334,60666",checked-ok
cgemm,N,N,17,m1_n4096_k256,1,4096,256,OpenBLAS,54.339161,154375,176042,397750,444667,30,3,"184084,176042,160542",checked-ok
cgemm,N,N,18,m4096_n1_k256,4096,1,256,OpenBLAS,39.283176,213542,230500,351791,366417,30,3,"234709,230500,223292",checked-ok
cgemm,N,N,19,m1024_n64_k1024,1024,64,1024,OpenBLAS,302.256781,1776208,1845709,4163583,6265708,30,3,"1901542,1845709,1831708",checked-ok
cgemm,N,N,20,m2048_n64_k512,2048,64,512,OpenBLAS,303.110031,1771208,1893000,8046042,11917000,30,3,"2074875,1841916,1893000",checked-ok
cgemm,N,N,21,m4096_n32_k256,4096,32,256,OpenBLAS,269.682739,995375,1038792,11876167,12587458,30,3,"1038792,1031917,1109209",checked-ok
cgemm,N,N,22,m2048_n17_k257,2048,17,257,OpenBLAS,171.299302,417875,436417,1080542,1899625,30,3,"439875,436417,431833",checked-ok
cgemm,N,N,23,m512_n64_k2048,512,64,2048,OpenBLAS,282.223188,1902292,1947167,3452916,3615375,30,3,"1953417,1942542,1947167",checked-ok
cgemm,N,N,24,m64_n1024_k1024,64,1024,1024,OpenBLAS,498.294451,1077417,1117750,1522333,1613334,30,3,"1117083,1117750,1126083",checked-ok
cgemm,N,N,25,m64_n2048_k512,64,2048,512,OpenBLAS,508.019951,1056791,1078083,1659667,1668834,30,3,"1078083,1105583,1075875",checked-ok
cgemm,N,N,26,m32_n4096_k256,32,4096,256,OpenBLAS,463.186308,579541,594625,903791,1058667,30,3,"594625,601125,594584",checked-ok
cgemm,N,N,27,m17_n2048_k257,17,2048,257,OpenBLAS,334.493907,214000,220250,283000,329917,30,3,"218625,220250,220666",checked-ok
cgemm,N,N,28,m64_n512_k2048,64,512,2048,OpenBLAS,488.101295,1099917,1141584,1575625,1595375,30,3,"1133458,1151666,1141584",checked-ok
cgemm,N,N,29,m1024_n1024_k64,1024,1024,64,OpenBLAS,469.292755,1144000,1175083,2038625,2476125,30,3,"1175083,1193834,1168916",checked-ok
cgemm,N,N,30,m1024_n1024_k128,1024,1024,128,OpenBLAS,495.582680,2166625,2242792,3924042,4182500,30,3,"2230250,2242792,2310542",checked-ok
cgemm,N,N,31,m1024_n1024_k256,1024,1024,256,OpenBLAS,512.607409,4189334,4497375,6161792,7112375,30,3,"4490458,4729209,4497375",checked-ok
cgemm,N,N,32,m256_n256_k2048,256,256,2048,OpenBLAS,417.460021,2572083,2848750,6241333,8181834,30,3,"2848750,2640625,3439292",checked-ok
cgemm,N,N,33,m128_n128_k4096,128,128,4096,OpenBLAS,362.924231,1479292,1535917,3075875,3154916,30,3,"1509916,1535917,1812000",checked-ok
cgemm,N,N,34,m1536_n256_k256,1536,256,256,OpenBLAS,470.217571,1712625,1771583,3222750,3255041,30,3,"1764083,1805791,1771583",checked-ok
cgemm,N,N,35,m256_n1536_k256,256,1536,256,OpenBLAS,515.519800,1562125,1619125,2514750,2819666,30,3,"1626875,1596625,1619125",checked-ok
cgemm,N,N,36,m512_n256_k768,512,256,768,OpenBLAS,441.596473,1823625,1870584,3339958,3472834,30,3,"1868041,1870584,1904083",checked-ok
cgemm,N,N,37,m256_n512_k768,256,512,768,OpenBLAS,488.619715,1648125,1749500,3197042,3235000,30,3,"1726042,1862792,1749500",checked-ok
cgemm,N,N,38,m768_n512_k256,768,512,256,OpenBLAS,496.821777,1620916,1708042,2874667,3023166,30,3,"1708042,1712584,1675625",checked-ok
cgemm,N,N,39,m512_n768_k256,512,768,256,OpenBLAS,496.031024,1623500,1706667,2815584,2839208,30,3,"1706667,1678709,1752917",checked-ok
cgemm,N,N,40,m384_n640_k96,384,640,96,OpenBLAS,473.486811,398625,423333,714458,758792,30,3,"419792,423333,466291",checked-ok
cgemm,N,N,41,m640_n384_k96,640,384,96,OpenBLAS,439.534718,429417,444041,782458,887375,30,3,"445166,444041,440458",checked-ok
zgemm,N,N,0,m1_n1_k1,1,1,1,OpenBLAS,0.195122,41,42,84,292,30,3,"42,42,42",checked-ok
zgemm,N,N,1,m8_n8_k8,8,8,8,OpenBLAS,32.768000,125,208,292,458,30,3,"208,208,208",checked-ok
zgemm,N,N,2,m31_n31_k31,31,31,31,OpenBLAS,31.429250,7583,7667,7958,7958,30,3,"7667,7667,7667",checked-ok
zgemm,N,N,3,m33_n33_k33,33,33,33,OpenBLAS,33.986996,8459,8542,8708,8709,30,3,"8542,8542,8542",checked-ok
zgemm,N,N,4,sq64,64,64,64,OpenBLAS,52.318930,40084,50792,61292,65291,30,3,"50792,50791,51375",checked-ok
zgemm,N,N,5,sq96,96,96,96,OpenBLAS,100.335800,70542,81000,137625,422584,30,3,"81000,76375,114959",checked-ok
zgemm,N,N,6,sq128,128,128,128,OpenBLAS,148.746052,112791,121834,206208,330500,30,3,"121834,120459,124167",checked-ok
zgemm,N,N,7,sq192,192,192,192,OpenBLAS,199.611882,283666,291750,517458,543791,30,3,"292041,290708,291750",checked-ok
zgemm,N,N,8,sq256,256,256,256,OpenBLAS,223.727162,599917,611917,871083,1134416,30,3,"611917,610042,612333",checked-ok
zgemm,N,N,9,sq384,384,384,384,OpenBLAS,235.689246,1921958,1989500,2698292,3171542,30,3,"1984916,1989500,2002083",checked-ok
zgemm,N,N,10,sq512,512,512,512,OpenBLAS,242.174643,4433750,4849083,8136250,8422792,30,3,"4849083,4853625,4767958",checked-ok
zgemm,N,N,11,sq768,768,768,768,OpenBLAS,254.803470,14222250,17958084,20937500,24788000,30,3,"18981500,17607875,17958084",checked-ok
zgemm,N,N,12,sq1024,1024,1024,1024,OpenBLAS,245.610033,34973875,47670167,54195750,121829666,30,3,"47670167,47585167,48033708",checked-ok
zgemm,N,N,13,m63_n65_k17,63,65,17,OpenBLAS,18.825677,29583,48292,67375,69625,30,3,"61000,48292,41916",checked-ok
zgemm,N,N,14,m65_n63_k33,65,63,33,OpenBLAS,29.152195,37084,50500,68916,69708,30,3,"57541,50500,41792",checked-ok
zgemm,N,N,15,m127_n129_k31,127,129,31,OpenBLAS,79.471570,51125,67375,97417,98166,30,3,"67375,71000,56042",checked-ok
zgemm,N,N,16,m129_n127_k33,129,127,33,OpenBLAS,75.824617,57041,71583,82208,109583,30,3,"71583,72625,69708",checked-ok
zgemm,N,N,17,m1_n4096_k256,1,4096,256,OpenBLAS,27.339239,306834,427875,848667,880000,30,3,"505833,427875,335208",checked-ok
zgemm,N,N,18,m4096_n1_k256,4096,1,256,OpenBLAS,27.417425,305959,337709,790667,858708,30,3,"384625,337709,321959",checked-ok
zgemm,N,N,19,m1024_n64_k1024,1024,64,1024,OpenBLAS,163.356431,3286500,3510000,5142167,5536125,30,3,"3522084,3510000,3415917",checked-ok
zgemm,N,N,20,m2048_n64_k512,2048,64,512,OpenBLAS,162.015105,3313709,3542042,5012375,5247917,30,3,"3442791,3542042,3575167",checked-ok
zgemm,N,N,21,m4096_n32_k256,4096,32,256,OpenBLAS,146.266425,1835250,1914500,3489875,3676166,30,3,"1914500,1906333,1931917",checked-ok
zgemm,N,N,22,m2048_n17_k257,2048,17,257,OpenBLAS,91.869517,779167,804709,4166958,11040875,30,3,"813833,802542,804709",checked-ok
zgemm,N,N,23,m512_n64_k2048,512,64,2048,OpenBLAS,161.214460,3330166,3484041,5174250,7431750,30,3,"3610042,3462000,3484041",checked-ok
zgemm,N,N,24,m64_n1024_k1024,64,1024,1024,OpenBLAS,245.557704,2186333,2434125,3236583,3336250,30,3,"2297541,2479792,2434125",checked-ok
zgemm,N,N,25,m64_n2048_k512,64,2048,512,OpenBLAS,246.851388,2174875,2364708,3214791,3506750,30,3,"2295542,2364708,2567416",checked-ok
zgemm,N,N,26,m32_n4096_k256,32,4096,256,OpenBLAS,235.659259,1139083,1184250,2001875,2197625,30,3,"1210458,1166584,1184250",checked-ok
zgemm,N,N,27,m17_n2048_k257,17,2048,257,OpenBLAS,197.443871,362542,374500,604583,610542,30,3,"374500,370833,381041",checked-ok
zgemm,N,N,28,m64_n512_k2048,64,512,2048,OpenBLAS,235.211791,2282500,2439500,3654167,3667333,30,3,"2397000,2439500,2450084",checked-ok
zgemm,N,N,29,m1024_n1024_k64,1024,1024,64,OpenBLAS,228.107915,2353583,2452375,4411167,4887875,30,3,"2446375,2452375,2584708",checked-ok
zgemm,N,N,30,m1024_n1024_k128,1024,1024,128,OpenBLAS,239.440685,4484375,4919375,6631250,6655458,30,3,"4919375,4690792,5154459",checked-ok
zgemm,N,N,31,m1024_n1024_k256,1024,1024,256,OpenBLAS,244.846068,8770750,10839458,12758458,16032291,30,3,"10839458,11136834,10749750",checked-ok
zgemm,N,N,32,m256_n256_k2048,256,256,2048,OpenBLAS,224.591068,4780875,5730500,9322792,9704500,30,3,"6267625,5398958,5730500",checked-ok
zgemm,N,N,33,m128_n128_k4096,128,128,4096,OpenBLAS,199.206881,2695042,2848375,4603500,4650958,30,3,"2776709,2848375,3196833",checked-ok
zgemm,N,N,34,m1536_n256_k256,1536,256,256,OpenBLAS,234.154598,3439208,3613667,5362708,5998084,30,3,"3613667,3824167,3583916",checked-ok
zgemm,N,N,35,m256_n1536_k256,256,1536,256,OpenBLAS,253.879687,3172000,3405000,4870500,5854667,30,3,"3550667,3348875,3405000",checked-ok
zgemm,N,N,36,m512_n256_k768,512,256,768,OpenBLAS,229.639212,3506833,3813833,5107459,5402083,30,3,"3702833,3863792,3813833",checked-ok
zgemm,N,N,37,m256_n512_k768,256,512,768,OpenBLAS,236.428894,3406125,3619709,5305959,5361750,30,3,"3598041,3733625,3619709",checked-ok
zgemm,N,N,38,m768_n512_k256,768,512,256,OpenBLAS,244.994243,3287042,3432875,5054542,5091209,30,3,"3619333,3366375,3432875",checked-ok
zgemm,N,N,39,m512_n768_k256,512,768,256,OpenBLAS,241.561715,3333750,3629500,5062042,5080209,30,3,"3489917,3629500,3796958",checked-ok
zgemm,N,N,40,m384_n640_k96,384,640,96,OpenBLAS,234.694812,804209,834250,1603791,1606708,30,3,"824250,892167,834250",checked-ok
zgemm,N,N,41,m640_n384_k96,640,384,96,OpenBLAS,224.583368,840417,855625,1375958,1698791,30,3,"863541,855084,855625",checked-ok
