level,case,kind,library,n,time_ns,rate_gops,metric,status,check_status,check_max_abs_error,check_raw_output,shape,m,storage,lda,k,kl,ku,uplo,trans,diag,incx,incy,process_repeats,successful_repeats,metric_min,metric_median,metric_max,metric_samples
level2,cgemv_c,c32,Zynum,128,3041,43.101611,gops,ok,sampled-ok,4.87682917e-07,,sq128,128,,,,,,,,,,,3,3,42.500649000000003,42.514434000000001,43.101610999999998,"42.500649000000003,42.514434000000001,43.101610999999998"
level2,cgemv_n,c32,Zynum,128,2958,44.311021,gops,ok,sampled-ok,1.21753953e-06,,sq128,128,,,,,,,,,,,3,3,40.329846000000003,40.845123000000001,44.311020999999997,"40.329846000000003,44.311020999999997,40.845123000000001"
level2,cgemv_t,c32,Zynum,128,2833,46.266149,gops,ok,sampled-ok,5.16896023e-07,,sq128,128,,,,,,,,,,,3,3,43.690666999999998,44.949246000000002,46.266148999999999,"44.949246000000002,46.266148999999999,43.690666999999998"
level2,cgerc,c32,Zynum,128,3125,41.943040,gops,ok,sampled-ok,5.31560693e-08,,sq128,128,,,,,,,,,,,3,3,38.370023000000003,40.857855000000001,41.943040000000003,"41.943040000000003,40.857855000000001,38.370023000000003"
level2,cgeru,c32,Zynum,128,3125,41.943040,gops,ok,sampled-ok,4.72419435e-08,,sq128,128,,,,,,,,,,,3,3,38.358794000000003,41.386800999999998,41.943040000000003,"41.943040000000003,41.386800999999998,38.358794000000003"
level2,chemv,c32,Zynum,128,4084,32.094025,gops,ok,sampled-ok,1.03547502e-06,,sq128,128,,,,,,,,,,,3,3,30.249711999999999,30.538677,32.094025000000002,"30.538677,32.094025000000002,30.249711999999999"
level2,dgemv_n,f64,Zynum,128,2166,15.128347,gops,ok,sampled-ok,6.66133815e-16,,sq128,128,,,,,,,,,,,3,3,10.485760000000001,14.840579999999999,15.128347,"10.485760000000001,15.128347,14.840579999999999"
level2,dgemv_t,f64,Zynum,128,2250,14.563556,gops,ok,sampled-ok,9.99200722e-16,,sq128,128,,,,,,,,,,,3,3,11.397565,14.045434999999999,14.563556,"11.397565,14.563556,14.045434999999999"
level2,dger,f64,Zynum,128,3375,9.709037,gops,ok,sampled-ok,1.11022302e-16,,sq128,128,,,,,,,,,,,3,3,7.8636910000000002,9.7090370000000004,9.7090370000000004,"7.8636910000000002,9.7090370000000004,9.7090370000000004"
level2,dsymv,f64,Zynum,128,2541,12.895710,gops,ok,sampled-ok,1.33226763e-15,,sq128,128,,,,,,,,,,,3,3,9.1454090000000008,12.686024,12.895709999999999,"9.1454090000000008,12.686024,12.895709999999999"
level2,sgemv_n,f32,Zynum,128,2167,15.121366,gops,ok,sampled-ok,4.49160509e-07,,sq128,128,,,,,,,,,,,3,3,5.2783509999999998,12.681115,15.121366,"5.2783509999999998,15.121366,12.681115"
level2,sgemv_t,f32,Zynum,128,2042,16.047013,gops,ok,sampled-ok,1.51709011e-07,,sq128,128,,,,,,,,,,,3,3,5.8692460000000004,11.397565,16.047013,"5.8692460000000004,16.047013,11.397565"
level2,sger,f32,Zynum,128,2166,15.128347,gops,ok,sampled-ok,3.40784549e-08,,sq128,128,,,,,,,,,,,3,3,9.9568519999999996,14.563556,15.128347,"9.9568519999999996,14.563556,15.128347"
level2,ssymv,f32,Zynum,128,2125,15.420235,gops,ok,sampled-ok,5.68369799e-07,,sq128,128,,,,,,,,,,,3,3,6.9600679999999997,15.128347,15.420235,"6.9600679999999997,15.128347,15.420235"
level2,zgemv_c,c64,Zynum,128,3917,33.462344,gops,ok,sampled-ok,2.01069942e-15,,sq128,128,,,,,,,,,,,3,3,32.101886,32.768000000000001,33.462344000000002,"32.768000000000001,33.462344000000002,32.101886"
level2,zgemv_n,c64,Zynum,128,3833,34.195669,gops,ok,sampled-ok,2.30287661e-15,,sq128,128,,,,,,,,,,,3,3,32.768000000000001,33.470889,34.195669000000002,"33.470889,34.195669000000002,32.768000000000001"
level2,zgemv_t,c64,Zynum,128,3958,33.115715,gops,ok,sampled-ok,1.79791013e-15,,sq128,128,,,,,,,,,,,3,3,31.775030000000001,33.107349999999997,33.115715000000002,"33.107349999999997,33.115715000000002,31.775030000000001"
level2,zgerc,c64,Zynum,128,3542,37.005082,gops,ok,sampled-ok,1.24126708e-16,,sq128,128,,,,,,,,,,,3,3,34.952533000000003,36.571429000000002,37.005082000000002,"36.571429000000002,37.005082000000002,34.952533000000003"
level2,zgeru,c64,Zynum,128,3542,37.005082,gops,ok,sampled-ok,1.24126708e-16,,sq128,128,,,,,,,,,,,3,3,34.952533000000003,36.157792999999998,37.005082000000002,"36.157792999999998,37.005082000000002,34.952533000000003"
level2,zhemv,c64,Zynum,128,5667,23.128992,gops,ok,sampled-ok,2.67377111e-15,,sq128,128,,,,,,,,,,,3,3,20.831531999999999,22.79513,23.128992,"23.128992,20.831531999999999,22.79513"
level2,cgemv_c,c32,Zynum,256,5167,101.468550,gops,ok,sampled-ok,7.17288482e-07,,sq256,256,,,,,,,,,,,3,3,96.041032999999999,96.058629999999994,101.46854999999999,"96.058629999999994,101.46854999999999,96.041032999999999"
level2,cgemv_n,c32,Zynum,256,5083,103.145387,gops,ok,sampled-ok,3.62079929e-06,,sq256,256,,,,,,,,,,,3,3,99.864380999999995,101.488192,103.145387,"101.488192,103.145387,99.864380999999995"
level2,cgemv_t,c32,Zynum,256,4625,113.359568,gops,ok,sampled-ok,7.17142916e-07,,sq256,256,,,,,,,,,,,3,3,109.409015,110.37642099999999,113.359568,"109.409015,113.359568,110.37642099999999"
level2,cgerc,c32,Zynum,256,5500,95.325091,gops,ok,sampled-ok,5.39773562e-08,,sq256,256,,,,,,,,,,,3,3,86.174885000000003,94.602671000000001,95.325091,"86.174885000000003,95.325091,94.602671000000001"
level2,cgeru,c32,Zynum,256,5500,95.325091,gops,ok,sampled-ok,5.45809276e-08,,sq256,256,,,,,,,,,,,3,3,85.598040999999995,85.598040999999995,95.325091,"85.598040999999995,95.325091,85.598040999999995"
level2,chemv,c32,Zynum,256,6667,78.639268,gops,ok,sampled-ok,9.08506058e-07,,sq256,256,,,,,,,,,,,3,3,77.672296000000003,78.158617000000007,78.639268000000001,"77.672296000000003,78.158617000000007,78.639268000000001"
level2,dgemv_n,f64,Zynum,256,2458,53.324654,gops,ok,sampled-ok,1.11022302e-15,,sq256,256,,,,,,,,,,,3,3,45.590260999999998,48.401772999999999,53.324654000000002,"53.324654000000002,45.590260999999998,48.401772999999999"
level2,dgemv_t,f64,Zynum,256,3250,40.329846,gops,ok,sampled-ok,2.66453526e-15,,sq256,256,,,,,,,,,,,3,3,39.325533,39.815309999999997,40.329846000000003,"40.329846000000003,39.815309999999997,39.325533"
level2,dger,f64,Zynum,256,4708,27.840272,gops,ok,sampled-ok,1.11022302e-16,,sq256,256,,,,,,,,,,,3,3,27.840271999999999,27.840271999999999,27.840271999999999,"27.840271999999999,27.840271999999999,27.840271999999999"
level2,dsymv,f64,Zynum,256,4416,29.681159,gops,ok,sampled-ok,2.66453526e-15,,sq256,256,,,,,,,,,,,3,3,28.339891999999999,28.864127,29.681159000000001,"29.681159000000001,28.864127,28.339891999999999"
level2,sgemv_n,f32,Zynum,256,2208,59.362319,gops,ok,sampled-ok,2.21436996e-06,,sq256,256,,,,,,,,,,,3,3,55.188211000000003,59.362318999999999,59.362318999999999,"55.188211000000003,59.362318999999999,59.362318999999999"
level2,sgemv_t,f32,Zynum,256,2416,54.251656,gops,ok,sampled-ok,2.844787e-07,,sq256,256,,,,,,,,,,,3,3,43.087442000000003,46.945559000000003,54.251655999999997,"46.945559000000003,43.087442000000003,54.251655999999997"
level2,sger,f32,Zynum,256,3541,37.015532,gops,ok,sampled-ok,3.61013532e-08,,sq256,256,,,,,,,,,,,3,3,34.952533000000003,36.581636000000003,37.015532,"37.015532,34.952533000000003,36.581636000000003"
level2,ssymv,f32,Zynum,256,3250,40.329846,gops,ok,sampled-ok,1.18837391e-06,,sq256,256,,,,,,,,,,,3,3,40.329846000000003,40.329846000000003,40.329846000000003,"40.329846000000003,40.329846000000003,40.329846000000003"
level2,zgemv_c,c64,Zynum,256,7125,73.584281,gops,ok,sampled-ok,3.42013569e-15,,sq256,256,,,,,,,,,,,3,3,72.736958999999999,73.584281000000004,73.584281000000004,"73.584281000000004,73.584281000000004,72.736958999999999"
level2,zgemv_n,c64,Zynum,256,7250,72.315586,gops,ok,sampled-ok,6.22616398e-15,,sq256,256,,,,,,,,,,,3,3,70.289315000000002,71.089898000000005,72.315585999999996,"71.089898000000005,70.289315000000002,72.315585999999996"
level2,zgemv_t,c64,Zynum,256,6791,77.203357,gops,ok,sampled-ok,3.82825763e-15,,sq256,256,,,,,,,,,,,3,3,74.020612999999997,75.350387999999995,77.203356999999997,"75.350387999999995,77.203356999999997,74.020612999999997"
level2,zgerc,c64,Zynum,256,9250,56.679784,gops,ok,sampled-ok,1.57009246e-16,,sq256,256,,,,,,,,,,,3,3,56.429662999999998,56.679783999999998,56.679783999999998,"56.679783999999998,56.429662999999998,56.679783999999998"
level2,zgeru,c64,Zynum,256,9209,56.932132,gops,ok,sampled-ok,1.57009246e-16,,sq256,256,,,,,,,,,,,3,3,56.169702000000001,56.679783999999998,56.932132000000003,"56.679783999999998,56.169702000000001,56.932132000000003"
level2,zhemv,c64,Zynum,256,10292,50.941314,gops,ok,sampled-ok,4.56442108e-15,,sq256,256,,,,,,,,,,,3,3,50.941313999999998,50.941313999999998,50.941313999999998,"50.941313999999998,50.941313999999998,50.941313999999998"
level2,cgemv_c,c32,Zynum,512,12292,170.611129,gops,ok,sampled-ok,1.61485511e-06,,sq512,512,,,,,,,,,,,3,3,167.77216000000001,167.77216000000001,170.61112900000001,"170.61112900000001,167.77216000000001,167.77216000000001"
level2,cgemv_n,c32,Zynum,512,10750,195.083907,gops,ok,sampled-ok,1.3163139e-06,,sq512,512,,,,,,,,,,,3,3,193.571349,195.08390700000001,195.08390700000001,"195.08390700000001,195.08390700000001,193.571349"
level2,cgemv_t,c32,Zynum,512,12250,171.196082,gops,ok,sampled-ok,1.72669902e-06,,sq512,512,,,,,,,,,,,3,3,170.61112900000001,171.19608199999999,171.19608199999999,"171.19608199999999,170.61112900000001,171.19608199999999"
level2,cgerc,c32,Zynum,512,15875,132.104063,gops,ok,sampled-ok,6.07982803e-08,,sq512,512,,,,,,,,,,,3,3,129.72609199999999,130.39557300000001,132.104063,"132.104063,130.39557300000001,129.72609199999999"
level2,cgeru,c32,Zynum,512,15917,131.755482,gops,ok,sampled-ok,6.1607036e-08,,sq512,512,,,,,,,,,,,3,3,129.72609199999999,131.40873500000001,131.755482,"131.40873500000001,131.755482,129.72609199999999"
level2,chemv,c32,Zynum,512,17500,119.837257,gops,ok,sampled-ok,2.06947537e-06,,sq512,512,,,,,,,,,,,3,3,118.987348,119.550336,119.83725699999999,"119.550336,119.83725699999999,118.987348"
level2,dgemv_n,f64,Zynum,512,4791,109.431851,gops,ok,sampled-ok,1.33226763e-15,,sq512,512,,,,,,,,,,,3,3,104.004761,105.74586499999999,109.43185099999999,"104.004761,109.43185099999999,105.74586499999999"
level2,dgemv_t,f64,Zynum,512,6417,81.702976,gops,ok,sampled-ok,8.43769499e-15,,sq512,512,,,,,,,,,,,3,3,80.154105000000001,81.171698000000006,81.702976000000007,"80.154105000000001,81.702976000000007,81.171698000000006"
level2,dger,f64,Zynum,512,12542,41.802583,gops,ok,sampled-ok,1.11022302e-16,,sq512,512,,,,,,,,,,,3,3,41.393335999999998,41.666375000000002,41.802582999999998,"41.666375000000002,41.802582999999998,41.393335999999998"
level2,dsymv,f64,Zynum,512,7916,66.231430,gops,ok,sampled-ok,5.32907052e-15,,sq512,512,,,,,,,,,,,3,3,56.423589999999997,66.223063999999994,66.231430000000003,"66.223063999999994,56.423589999999997,66.231430000000003"
level2,sgemv_n,f32,Zynum,512,3417,153.435177,gops,ok,sampled-ok,3.69810609e-06,,sq512,512,,,,,,,,,,,3,3,151.57213100000001,153.43517700000001,153.43517700000001,"153.43517700000001,151.57213100000001,153.43517700000001"
level2,sgemv_t,f32,Zynum,512,4709,111.337439,gops,ok,sampled-ok,4.1935489e-07,,sq512,512,,,,,,,,,,,3,3,110.37642099999999,111.337439,111.337439,"111.337439,111.337439,110.37642099999999"
level2,sger,f32,Zynum,512,7000,74.898286,gops,ok,sampled-ok,3.59643937e-08,,sq512,512,,,,,,,,,,,3,3,74.020612999999997,74.451576000000003,74.898285999999999,"74.451576000000003,74.898285999999999,74.020612999999997"
level2,ssymv,f32,Zynum,512,10041,52.214720,gops,ok,sampled-ok,1.09366227e-06,,sq512,512,,,,,,,,,,,3,3,50.132720999999997,51.997222999999998,52.21472,"51.997222999999998,50.132720999999997,52.21472"
level2,zgemv_c,c64,Zynum,512,17959,116.774431,gops,ok,sampled-ok,1.29473141e-14,,sq512,512,,,,,,,,,,,3,3,116.508444,116.77443100000001,116.77443100000001,"116.77443100000001,116.508444,116.77443100000001"
level2,zgemv_n,c64,Zynum,512,19959,105.073000,gops,ok,sampled-ok,1.03578513e-14,,sq512,512,,,,,,,,,,,3,3,103.563062,104.85760000000001,105.07299999999999,"105.07299999999999,103.563062,104.85760000000001"
level2,zgemv_t,c64,Zynum,512,17917,117.048167,gops,ok,sampled-ok,8.40036149e-15,,sq512,512,,,,,,,,,,,3,3,115.973677,117.04816700000001,117.04816700000001,"115.973677,117.04816700000001,117.04816700000001"
level2,zgerc,c64,Zynum,512,28375,73.908441,gops,ok,sampled-ok,1.57009246e-16,,sq512,512,,,,,,,,,,,3,3,72.838010999999995,73.475999999999999,73.908440999999996,"72.838010999999995,73.475999999999999,73.908440999999996"
level2,zgeru,c64,Zynum,512,28459,73.690291,gops,ok,sampled-ok,1.57009246e-16,,sq512,512,,,,,,,,,,,3,3,71.800602999999995,73.262951999999999,73.690291000000002,"73.690291000000002,71.800602999999995,73.262951999999999"
level2,zhemv,c64,Zynum,512,22125,94.786531,gops,ok,sampled-ok,9.6071185e-15,,sq512,512,,,,,,,,,,,3,3,93.727463999999998,94.432276999999999,94.786530999999997,"93.727463999999998,94.786530999999997,94.432276999999999"
level2,cgemv_c,c32,Accelerate,128,3083,42.514434,gops,ok,sampled-ok,2.55557843e-07,,sq128,128,,,,,,,,,,,3,3,40.329846000000003,41.386800999999998,42.514434000000001,"41.386800999999998,40.329846000000003,42.514434000000001"
level2,cgemv_n,c32,Accelerate,128,2917,44.933836,gops,ok,sampled-ok,6.9768837e-07,,sq128,128,,,,,,,,,,,3,3,39.827407999999998,40.845123000000001,44.933835999999999,"40.845123000000001,39.827407999999998,44.933835999999999"
level2,cgemv_t,c32,Accelerate,128,3125,41.943040,gops,ok,sampled-ok,5.18711247e-07,,sq128,128,,,,,,,,,,,3,3,40.857855000000001,41.399873999999997,41.943040000000003,"41.943040000000003,41.399873999999997,40.857855000000001"
level2,cgerc,c32,Accelerate,128,5333,24.577536,gops,ok,sampled-ok,6.40597659e-08,,sq128,128,,,,,,,,,,,3,3,22.79513,22.962859000000002,24.577535999999998,"24.577535999999998,22.79513,22.962859000000002"
level2,cgeru,c32,Accelerate,128,5375,24.385488,gops,ok,sampled-ok,6.22849073e-08,,sq128,128,,,,,,,,,,,3,3,22.15551,24.385487999999999,24.385487999999999,"24.385487999999999,24.385487999999999,22.15551"
level2,chemv,c32,Accelerate,128,5084,25.781275,gops,ok,sampled-ok,7.93240867e-07,,sq128,128,,,,,,,,,,,3,3,25.162603000000001,25.575023999999999,25.781275000000001,"25.575023999999999,25.781275000000001,25.162603000000001"
level2,dgemv_n,f64,Accelerate,128,2250,14.563556,gops,ok,sampled-ok,1.05471187e-15,,sq128,128,,,,,,,,,,,3,3,13.557302,14.039417,14.563556,"14.563556,14.039417,13.557302"
level2,dgemv_t,f64,Accelerate,128,2375,13.797053,gops,ok,sampled-ok,9.99200722e-16,,sq128,128,,,,,,,,,,,3,3,13.562913999999999,13.797053,13.797053,"13.797053,13.562913999999999,13.797053"
level2,dger,f64,Accelerate,128,3417,9.589699,gops,ok,sampled-ok,1.11022302e-16,,sq128,128,,,,,,,,,,,3,3,8.8347259999999999,9.3622859999999992,9.5896989999999995,"9.5896989999999995,9.3622859999999992,8.8347259999999999"
level2,dsymv,f64,Accelerate,128,5709,5.739709,gops,ok,sampled-ok,8.8817842e-16,,sq128,128,,,,,,,,,,,3,3,5.0088660000000003,5.1064360000000004,5.7397090000000004,"5.0088660000000003,5.7397090000000004,5.1064360000000004"
level2,sgemv_n,f32,Accelerate,128,2000,16.384000,gops,ok,sampled-ok,3.00871108e-07,,sq128,128,,,,,,,,,,,3,3,14.563556,14.563556,16.384,"14.563556,14.563556,16.384"
level2,sgemv_t,f32,Accelerate,128,2416,13.562914,gops,ok,sampled-ok,1.45640271e-07,,sq128,128,,,,,,,,,,,3,3,13.107200000000001,13.331163999999999,13.562913999999999,"13.107200000000001,13.562913999999999,13.331163999999999"
level2,sger,f32,Accelerate,128,2250,14.563556,gops,ok,sampled-ok,3.461833e-08,,sq128,128,,,,,,,,,,,3,3,13.797053,14.563556,14.563556,"14.563556,13.797053,14.563556"
level2,ssymv,f32,Accelerate,128,3875,8.456258,gops,ok,sampled-ok,1.65372413e-07,,sq128,128,,,,,,,,,,,3,3,7.6346689999999997,8.106878,8.4562580000000001,"7.6346689999999997,8.106878,8.4562580000000001"
level2,zgemv_c,c64,Accelerate,128,3750,34.952533,gops,ok,sampled-ok,1.57889953e-15,,sq128,128,,,,,,,,,,,3,3,33.115715000000002,34.565401000000001,34.952533000000003,"33.115715000000002,34.565401000000001,34.952533000000003"
level2,zgemv_n,c64,Accelerate,128,4125,31.775030,gops,ok,sampled-ok,1.69104133e-15,,sq128,128,,,,,,,,,,,3,3,29.401524999999999,30.840471000000001,31.775030000000001,"31.775030000000001,30.840471000000001,29.401524999999999"
level2,zgemv_t,c64,Accelerate,128,3750,34.952533,gops,ok,sampled-ok,1.3608726e-15,,sq128,128,,,,,,,,,,,3,3,34.186750000000004,34.195669000000002,34.952533000000003,"34.186750000000004,34.952533000000003,34.195669000000002"
level2,zgerc,c64,Accelerate,128,11083,11.826401,gops,ok,sampled-ok,1.57009246e-16,,sq128,128,,,,,,,,,,,3,3,8.0659690000000008,9.8299090000000007,11.826401000000001,"11.826401000000001,8.0659690000000008,9.8299090000000007"
level2,zgeru,c64,Accelerate,128,12000,10.922667,gops,ok,sampled-ok,1.57009246e-16,,sq128,128,,,,,,,,,,,3,3,9.5610180000000007,10.555851000000001,10.922667000000001,"10.555851000000001,10.922667000000001,9.5610180000000007"
level2,zhemv,c64,Accelerate,128,6416,20.428928,gops,ok,sampled-ok,2.2887834e-15,,sq128,128,,,,,,,,,,,3,3,19.784452999999999,19.910678999999998,20.428927999999999,"20.428927999999999,19.910678999999998,19.784452999999999"
level2,cgemv_c,c32,Accelerate,256,5292,99.071807,gops,ok,sampled-ok,4.89608941e-07,,sq256,256,,,,,,,,,,,3,3,93.206755999999999,96.058629999999994,99.071807000000007,"96.058629999999994,93.206755999999999,99.071807000000007"
level2,cgemv_n,c32,Accelerate,256,5375,97.541953,gops,ok,sampled-ok,2.1326101e-06,,sq256,256,,,,,,,,,,,3,3,90.534968000000006,91.180521999999996,97.541953000000007,"97.541953000000007,90.534968000000006,91.180521999999996"
level2,cgemv_t,c32,Accelerate,256,5458,96.058630,gops,ok,sampled-ok,5.96628451e-07,,sq256,256,,,,,,,,,,,3,3,93.206755999999999,93.891116999999994,96.058629999999994,"96.058629999999994,93.206755999999999,93.891116999999994"
level2,cgerc,c32,Accelerate,256,21500,24.385488,gops,ok,sampled-ok,6.55685158e-08,,sq256,256,,,,,,,,,,,3,3,23.045625999999999,23.216047,24.385487999999999,"23.045625999999999,24.385487999999999,23.216047"
level2,cgeru,c32,Accelerate,256,21667,24.197535,gops,ok,sampled-ok,7.26085244e-08,,sq256,256,,,,,,,,,,,3,3,21.254632000000001,22.630811000000001,24.197534999999998,"21.254632000000001,24.197534999999998,22.630811000000001"
level2,chemv,c32,Accelerate,256,11542,45.424363,gops,ok,sampled-ok,8.71837207e-07,,sq256,256,,,,,,,,,,,3,3,39.076396000000003,39.443876000000003,45.424363,"39.076396000000003,39.443876000000003,45.424363"
level2,dgemv_n,f64,Accelerate,256,2542,51.562549,gops,ok,sampled-ok,1.11022302e-15,,sq256,256,,,,,,,,,,,3,3,46.962378999999999,50.744095999999999,51.562548999999997,"46.962378999999999,50.744095999999999,51.562548999999997"
level2,dgemv_t,f64,Accelerate,256,3000,43.690667,gops,ok,sampled-ok,2.66453526e-15,,sq256,256,,,,,,,,,,,3,3,39.827407999999998,43.690666999999998,43.690666999999998,"39.827407999999998,43.690666999999998,43.690666999999998"
level2,dger,f64,Accelerate,256,10708,12.240568,gops,ok,sampled-ok,1.11022302e-16,,sq256,256,,,,,,,,,,,3,3,11.915635999999999,12.052598,12.240568,"12.052598,11.915635999999999,12.240568"
level2,dsymv,f64,Accelerate,256,11375,11.522813,gops,ok,sampled-ok,2.66453526e-15,,sq256,256,,,,,,,,,,,3,3,9.7090370000000004,10.485760000000001,11.522812999999999,"10.485760000000001,11.522812999999999,9.7090370000000004"
level2,sgemv_n,f32,Accelerate,256,2458,53.324654,gops,ok,sampled-ok,8.47043996e-07,,sq256,256,,,,,,,,,,,3,3,48.401772999999999,50.744095999999999,53.324654000000002,"50.744095999999999,48.401772999999999,53.324654000000002"
level2,sgemv_t,f32,Accelerate,256,2667,49.145857,gops,ok,sampled-ok,2.844787e-07,,sq256,256,,,,,,,,,,,3,3,45.590260999999998,48.401772999999999,49.145856999999999,"48.401772999999999,45.590260999999998,49.145856999999999"
level2,sger,f32,Accelerate,256,6667,19.659817,gops,ok,sampled-ok,3.58102321e-08,,sq256,256,,,,,,,,,,,3,3,19.065017999999998,19.418074000000001,19.659817,"19.659817,19.065017999999998,19.418074000000001"
level2,ssymv,f32,Accelerate,256,7292,17.974767,gops,ok,sampled-ok,3.11720351e-07,,sq256,256,,,,,,,,,,,3,3,17.574684999999999,17.974767,17.974767,"17.574684999999999,17.974767,17.974767"
level2,zgemv_c,c64,Accelerate,256,7125,73.584281,gops,ok,sampled-ok,3.14018492e-15,,sq256,256,,,,,,,,,,,3,3,73.153063000000003,73.153063000000003,73.584281000000004,"73.153063000000003,73.584281000000004,73.153063000000003"
level2,zgemv_n,c64,Accelerate,256,7000,74.898286,gops,ok,sampled-ok,3.79429987e-15,,sq256,256,,,,,,,,,,,3,3,70.687340000000006,73.584281000000004,74.898285999999999,"74.898285999999999,73.584281000000004,70.687340000000006"
level2,zgemv_t,c64,Accelerate,256,7125,73.584281,gops,ok,sampled-ok,4.52883909e-15,,sq256,256,,,,,,,,,,,3,3,73.163270999999995,73.584281000000004,73.584281000000004,"73.584281000000004,73.584281000000004,73.163270999999995"
level2,zgerc,c64,Accelerate,256,36417,14.396793,gops,ok,sampled-ok,1.57009246e-16,,sq256,256,,,,,,,,,,,3,3,14.012401000000001,14.169945999999999,14.396793000000001,"14.396793000000001,14.169945999999999,14.012401000000001"
level2,zgeru,c64,Accelerate,256,36166,14.496710,gops,ok,sampled-ok,1.57009246e-16,,sq256,256,,,,,,,,,,,3,3,14.233806,14.396793000000001,14.49671,"14.396793000000001,14.49671,14.233806"
level2,zhemv,c64,Accelerate,256,17167,30.540456,gops,ok,sampled-ok,4.67481682e-15,,sq256,256,,,,,,,,,,,3,3,30.031389999999998,30.393507,30.540455999999999,"30.031389999999998,30.540455999999999,30.393507"
level2,cgemv_c,c32,Accelerate,512,12000,174.762667,gops,ok,sampled-ok,8.34551545e-07,,sq512,512,,,,,,,,,,,3,3,162.36853500000001,164.48250999999999,174.76266699999999,"174.76266699999999,162.36853500000001,164.48250999999999"
level2,cgemv_n,c32,Accelerate,512,11417,183.686783,gops,ok,sampled-ok,3.95168654e-06,,sq512,512,,,,,,,,,,,3,3,181.03867399999999,183.68678299999999,183.68678299999999,"183.68678299999999,181.03867399999999,183.68678299999999"
level2,cgemv_t,c32,Accelerate,512,12708,165.026125,gops,ok,sampled-ok,8.89423902e-07,,sq512,512,,,,,,,,,,,3,3,164.48250999999999,164.48250999999999,165.02612500000001,"164.48250999999999,164.48250999999999,165.02612500000001"
level2,cgerc,c32,Accelerate,512,55750,37.617076,gops,ok,sampled-ok,7.17300346e-08,,sq512,512,,,,,,,,,,,3,3,35.620415999999999,36.262203,37.617075999999997,"35.620415999999999,36.262203,37.617075999999997"
level2,cgeru,c32,Accelerate,512,57958,36.183995,gops,ok,sampled-ok,7.57970681e-08,,sq512,512,,,,,,,,,,,3,3,34.100033000000003,34.215753999999997,36.183995000000003,"36.183995000000003,34.215753999999997,34.100033000000003"
level2,chemv,c32,Accelerate,512,40167,52.210820,gops,ok,sampled-ok,1.64743928e-06,,sq512,512,,,,,,,,,,,3,3,51.622202999999999,52.103155000000001,52.210819999999998,"52.210819999999998,52.103155000000001,51.622202999999999"
level2,dgemv_n,f64,Accelerate,512,5000,104.857600,gops,ok,sampled-ok,1.33226763e-15,,sq512,512,,,,,,,,,,,3,3,103.984133,104.004761,104.85760000000001,"103.984133,104.004761,104.85760000000001"
level2,dgemv_t,f64,Accelerate,512,6541,80.154105,gops,ok,sampled-ok,8.43769499e-15,,sq512,512,,,,,,,,,,,3,3,79.642715999999993,80.141852999999998,80.154105000000001,"80.154105000000001,80.141852999999998,79.642715999999993"
level2,dger,f64,Accelerate,512,25417,20.627454,gops,ok,sampled-ok,1.11022302e-16,,sq512,512,,,,,,,,,,,3,3,18.921900000000001,20.19755,20.627454,"20.19755,18.921900000000001,20.627454"
level2,dsymv,f64,Accelerate,512,29792,17.598281,gops,ok,sampled-ok,5.77315973e-15,,sq512,512,,,,,,,,,,,3,3,16.799795,16.890177999999999,17.598281,"16.799795,16.890177999999999,17.598281"
level2,sgemv_n,f32,Accelerate,512,3459,151.572131,gops,ok,sampled-ok,3.69810609e-06,,sq512,512,,,,,,,,,,,3,3,120.998846,149.796571,151.57213100000001,"149.796571,120.998846,151.57213100000001"
level2,sgemv_t,f32,Accelerate,512,4792,109.409015,gops,ok,sampled-ok,4.1935489e-07,,sq512,512,,,,,,,,,,,3,3,106.649308,108.45842,109.409015,"106.649308,109.409015,108.45842"
level2,sger,f32,Accelerate,512,16875,31.068919,gops,ok,sampled-ok,3.64093781e-08,,sq512,512,,,,,,,,,,,3,3,26.435133,29.889288000000001,31.068919000000001,"26.435133,29.889288000000001,31.068919000000001"
level2,ssymv,f32,Accelerate,512,16125,32.513984,gops,ok,sampled-ok,6.47028906e-07,,sq512,512,,,,,,,,,,,3,3,27.355108000000001,31.775030000000001,32.513984000000001,"31.775030000000001,27.355108000000001,32.513984000000001"
level2,zgemv_c,c64,Accelerate,512,17625,118.987348,gops,ok,sampled-ok,1.15804298e-14,,sq512,512,,,,,,,,,,,3,3,102.927706,113.611355,118.987348,"113.611355,102.927706,118.987348"
level2,zgemv_n,c64,Accelerate,512,16041,130.736986,gops,ok,sampled-ok,1.12346671e-14,,sq512,512,,,,,,,,,,,3,3,108.469639,117.323189,130.736986,"130.736986,117.323189,108.469639"
level2,zgemv_t,c64,Accelerate,512,16833,124.585754,gops,ok,sampled-ok,8.02131333e-15,,sq512,512,,,,,,,,,,,3,3,100.06451,100.265443,124.58575399999999,"100.265443,124.58575399999999,100.06451"
level2,zgerc,c64,Accelerate,512,77333,27.118462,gops,ok,sampled-ok,1.57009246e-16,,sq512,512,,,,,,,,,,,3,3,25.718988,26.715312000000001,27.118462000000001,"26.715312000000001,25.718988,27.118462000000001"
level2,zgeru,c64,Accelerate,512,81292,25.797766,gops,ok,sampled-ok,1.57009246e-16,,sq512,512,,,,,,,,,,,3,3,24.540147999999999,25.330369999999998,25.797765999999999,"25.330369999999998,25.797765999999999,24.540147999999999"
level2,zhemv,c64,Accelerate,512,48625,43.129090,gops,ok,sampled-ok,9.0167609e-15,,sq512,512,,,,,,,,,,,3,3,39.724806999999998,40.009768000000001,43.129089999999998,"43.129089999999998,40.009768000000001,39.724806999999998"
level2,cgemv_c,c32,OpenBLAS,128,25917,5.057375,gops,ok,sampled-ok,5.58566203e-07,,sq128,128,,,,,,,,,,,3,3,4.9537779999999998,4.9852429999999996,5.0573750000000004,"4.9537779999999998,4.9852429999999996,5.0573750000000004"
level2,cgemv_n,c32,OpenBLAS,128,25958,5.049387,gops,ok,sampled-ok,1.1273887e-06,,sq128,128,,,,,,,,,,,3,3,4.4810939999999997,4.832147,5.0493870000000003,"4.4810939999999997,5.0493870000000003,4.832147"
level2,cgemv_t,c32,OpenBLAS,128,25792,5.081886,gops,ok,sampled-ok,5.93444124e-07,,sq128,128,,,,,,,,,,,3,3,4.9539650000000002,5.0412309999999998,5.0818859999999999,"5.0412309999999998,4.9539650000000002,5.0818859999999999"
level2,cgerc,c32,OpenBLAS,128,24875,5.269226,gops,ok,sampled-ok,6.15742091e-08,,sq128,128,,,,,,,,,,,3,3,4.8025799999999998,4.832147,5.2692259999999997,"4.8025799999999998,4.832147,5.2692259999999997"
level2,cgeru,c32,OpenBLAS,128,25709,5.098292,gops,ok,sampled-ok,6.26967144e-08,,sq128,128,,,,,,,,,,,3,3,5.0655849999999996,5.0901750000000003,5.0982919999999998,"5.0901750000000003,5.0655849999999996,5.0982919999999998"
level2,chemv,c32,OpenBLAS,128,5291,24.772633,gops,ok,sampled-ok,1.46335339e-06,,sq128,128,,,,,,,,,,,3,3,24.577535999999998,24.772632999999999,24.772632999999999,"24.772632999999999,24.772632999999999,24.577535999999998"
level2,dgemv_n,f64,OpenBLAS,128,3542,9.251270,gops,ok,sampled-ok,1.41553436e-15,,sq128,128,,,,,,,,,,,3,3,6.9600679999999997,9.2512699999999999,9.2512699999999999,"6.9600679999999997,9.2512699999999999,9.2512699999999999"
level2,dgemv_t,f64,OpenBLAS,128,3500,9.362286,gops,ok,sampled-ok,7.21644966e-16,,sq128,128,,,,,,,,,,,3,3,7.560683,9.3622859999999992,9.3622859999999992,"7.560683,9.3622859999999992,9.3622859999999992"
level2,dger,f64,OpenBLAS,128,21792,1.503671,gops,ok,sampled-ok,1.11022302e-16,,sq128,128,,,,,,,,,,,3,3,1.2211829999999999,1.2249719999999999,1.503671,"1.2211829999999999,1.503671,1.2249719999999999"
level2,dsymv,f64,OpenBLAS,128,2417,13.557302,gops,ok,sampled-ok,1.33226763e-15,,sq128,128,,,,,,,,,,,3,3,10.628608,13.331163999999999,13.557302,"10.628608,13.557302,13.331163999999999"
level2,sgemv_n,f32,OpenBLAS,128,2000,16.384000,gops,ok,sampled-ok,5.68369799e-07,,sq128,128,,,,,,,,,,,3,3,6.3937559999999998,16.047013,16.384,"6.3937559999999998,16.047013,16.384"
level2,sgemv_t,f32,OpenBLAS,128,2625,12.483048,gops,ok,sampled-ok,1.45640271e-07,,sq128,128,,,,,,,,,,,3,3,5.9578179999999996,12.286464,12.483048,"5.9578179999999996,12.483048,12.286464"
level2,sger,f32,OpenBLAS,128,24750,1.323960,gops,ok,sampled-ok,3.40784549e-08,,sq128,128,,,,,,,,,,,3,3,0.93401400000000001,1.250305,1.32396,"0.93401400000000001,1.250305,1.32396"
level2,ssymv,f32,OpenBLAS,128,2000,16.384000,gops,ok,sampled-ok,5.68369799e-07,,sq128,128,,,,,,,,,,,3,3,7.7870720000000002,16.054874999999999,16.384,"7.7870720000000002,16.384,16.054874999999999"
level2,zgemv_c,c64,OpenBLAS,128,24291,5.395908,gops,ok,sampled-ok,1.80731214e-15,,sq128,128,,,,,,,,,,,3,3,4.7161770000000001,5.3956860000000004,5.3959080000000004,"5.3959080000000004,5.3956860000000004,4.7161770000000001"
level2,zgemv_n,c64,OpenBLAS,128,27333,4.795376,gops,ok,sampled-ok,2.07136336e-15,,sq128,128,,,,,,,,,,,3,3,4.7233150000000004,4.7662550000000001,4.7953760000000001,"4.7233150000000004,4.7953760000000001,4.7662550000000001"
level2,zgemv_t,c64,OpenBLAS,128,26166,5.009249,gops,ok,sampled-ok,1.80731214e-15,,sq128,128,,,,,,,,,,,3,3,4.6952290000000003,4.8246770000000003,5.0092489999999996,"4.6952290000000003,4.8246770000000003,5.0092489999999996"
level2,zgerc,c64,OpenBLAS,128,25917,5.057375,gops,ok,sampled-ok,1.57009246e-16,,sq128,128,,,,,,,,,,,3,3,4.245247,4.977481,5.0573750000000004,"5.0573750000000004,4.977481,4.245247"
level2,zgeru,c64,OpenBLAS,128,28333,4.626125,gops,ok,sampled-ok,1.57009246e-16,,sq128,128,,,,,,,,,,,3,3,4.5722259999999997,4.5723849999999997,4.626125,"4.5723849999999997,4.626125,4.5722259999999997"
level2,zhemv,c64,OpenBLAS,128,7583,17.284980,gops,ok,sampled-ok,3.67591138e-15,,sq128,128,,,,,,,,,,,3,3,16.050943,17.284980000000001,17.284980000000001,"17.284980000000001,16.050943,17.284980000000001"
level2,cgemv_c,c32,OpenBLAS,256,27167,19.298708,gops,ok,sampled-ok,1.27879907e-06,,sq256,256,,,,,,,,,,,3,3,16.867355,17.451834000000002,19.298708000000001,"16.867355,17.451834000000002,19.298708000000001"
level2,cgemv_n,c32,OpenBLAS,256,31916,16.427121,gops,ok,sampled-ok,2.67577163e-06,,sq256,256,,,,,,,,,,,3,3,15.927574999999999,16.049468999999998,16.427121,"16.049468999999998,16.427121,15.927574999999999"
level2,cgemv_t,c32,OpenBLAS,256,26917,19.477951,gops,ok,sampled-ok,9.24714415e-07,,sq256,256,,,,,,,,,,,3,3,16.448250999999999,18.978750999999999,19.477951000000001,"18.978750999999999,16.448250999999999,19.477951000000001"
level2,cgerc,c32,OpenBLAS,256,26959,19.447606,gops,ok,sampled-ok,6.74644987e-08,,sq256,256,,,,,,,,,,,3,3,17.236677,19.358564000000001,19.447606,"19.447606,17.236677,19.358564000000001"
level2,cgeru,c32,OpenBLAS,256,26166,20.036995,gops,ok,sampled-ok,6.66216198e-08,,sq256,256,,,,,,,,,,,3,3,17.451834000000002,18.865387999999999,20.036995000000001,"17.451834000000002,20.036995000000001,18.865387999999999"
level2,chemv,c32,OpenBLAS,256,17875,29.330797,gops,ok,sampled-ok,2.52354304e-06,,sq256,256,,,,,,,,,,,3,3,29.195233000000002,29.195233000000002,29.330797,"29.195233000000002,29.195233000000002,29.330797"
level2,dgemv_n,f64,OpenBLAS,256,9959,13.161161,gops,ok,sampled-ok,3.10862447e-15,,sq256,256,,,,,,,,,,,3,3,12.684796,13.107200000000001,13.161161,"13.161161,13.107200000000001,12.684796"
level2,dgemv_t,f64,OpenBLAS,256,9250,14.169946,gops,ok,sampled-ok,2.22044605e-15,,sq256,256,,,,,,,,,,,3,3,13.856856000000001,14.169945999999999,14.169945999999999,"14.169945999999999,14.169945999999999,13.856856000000001"
level2,dger,f64,OpenBLAS,256,26083,5.025189,gops,ok,sampled-ok,1.11022302e-16,,sq256,256,,,,,,,,,,,3,3,4.6673080000000002,4.744688,5.0251890000000001,"4.6673080000000002,5.0251890000000001,4.744688"
level2,dsymv,f64,OpenBLAS,256,23584,5.557666,gops,ok,sampled-ok,2.66453526e-15,,sq256,256,,,,,,,,,,,3,3,4.862082,5.1570660000000004,5.5576660000000002,"5.1570660000000004,5.5576660000000002,4.862082"
level2,sgemv_n,f32,OpenBLAS,256,3750,34.952533,gops,ok,sampled-ok,1.92596195e-06,,sq256,256,,,,,,,,,,,3,3,32.427511000000003,34.195669000000002,34.952533000000003,"34.952533000000003,32.427511000000003,34.195669000000002"
level2,sgemv_t,f32,OpenBLAS,256,5000,26.214400,gops,ok,sampled-ok,3.94510485e-07,,sq256,256,,,,,,,,,,,3,3,24.196418999999999,25.996033000000001,26.214400000000001,"26.214400000000001,24.196418999999999,25.996033000000001"
level2,sger,f32,OpenBLAS,256,24583,5.331815,gops,ok,sampled-ok,3.61013532e-08,,sq256,256,,,,,,,,,,,3,3,4.6741320000000002,4.832147,5.3318149999999997,"4.832147,5.3318149999999997,4.6741320000000002"
level2,ssymv,f32,OpenBLAS,256,22541,5.814826,gops,ok,sampled-ok,5.66504891e-07,,sq256,256,,,,,,,,,,,3,3,4.9618409999999997,5.3048409999999997,5.8148260000000001,"5.3048409999999997,4.9618409999999997,5.8148260000000001"
level2,zgemv_c,c64,OpenBLAS,256,27750,18.893261,gops,ok,sampled-ok,3.33078472e-15,,sq256,256,,,,,,,,,,,3,3,16.384,16.957920000000001,18.893260999999999,"18.893260999999999,16.957920000000001,16.384"
level2,zgemv_n,c64,OpenBLAS,256,33167,15.807520,gops,ok,sampled-ok,6.66965962e-15,,sq256,256,,,,,,,,,,,3,3,14.074846000000001,14.665399000000001,15.80752,"15.80752,14.665399000000001,14.074846000000001"
level2,zgemv_t,c64,OpenBLAS,256,28459,18.422573,gops,ok,sampled-ok,4.44643975e-15,,sq256,256,,,,,,,,,,,3,3,16.008794000000002,17.142558000000001,18.422573,"17.142558000000001,16.008794000000002,18.422573"
level2,zgerc,c64,OpenBLAS,256,27125,19.328590,gops,ok,sampled-ok,1.57009246e-16,,sq256,256,,,,,,,,,,,3,3,16.029350999999998,16.215260000000001,19.328589999999998,"16.215260000000001,19.328589999999998,16.029350999999998"
level2,zgeru,c64,OpenBLAS,256,27791,18.865388,gops,ok,sampled-ok,1.57009246e-16,,sq256,256,,,,,,,,,,,3,3,16.131938000000002,18.45045,18.865387999999999,"18.45045,18.865387999999999,16.131938000000002"
level2,zhemv,c64,OpenBLAS,256,25458,20.594234,gops,ok,sampled-ok,6.66133815e-15,,sq256,256,,,,,,,,,,,3,3,18.503847,19.152073000000001,20.594234,"20.594234,18.503847,19.152073000000001"
level2,cgemv_c,c32,OpenBLAS,512,44750,46.863732,gops,ok,sampled-ok,2.58866719e-06,,sq512,512,,,,,,,,,,,3,3,44.305404000000003,46.690533000000002,46.863731999999999,"46.863731999999999,44.305404000000003,46.690533000000002"
level2,cgemv_n,c32,OpenBLAS,512,53500,39.199103,gops,ok,sampled-ok,6.95910417e-06,,sq512,512,,,,,,,,,,,3,3,36.472208999999999,37.117735000000003,39.199103000000001,"37.117735000000003,36.472208999999999,39.199103000000001"
level2,cgemv_t,c32,OpenBLAS,512,47292,44.344752,gops,ok,sampled-ok,2.64115383e-06,,sq512,512,,,,,,,,,,,3,3,43.919414000000003,44.306339999999999,44.344752,"43.919414000000003,44.344752,44.306339999999999"
level2,cgerc,c32,OpenBLAS,512,42125,49.784024,gops,ok,sampled-ok,7.01017896e-08,,sq512,512,,,,,,,,,,,3,3,48.489063999999999,49.344752999999997,49.784024000000002,"48.489063999999999,49.344752999999997,49.784024000000002"
level2,cgeru,c32,OpenBLAS,512,43042,48.723386,gops,ok,sampled-ok,6.9938542e-08,,sq512,512,,,,,,,,,,,3,3,47.980964999999998,48.072251999999999,48.723385999999998,"48.072251999999999,47.980964999999998,48.723385999999998"
level2,chemv,c32,OpenBLAS,512,45333,46.261046,gops,ok,sampled-ok,2.74164502e-06,,sq512,512,,,,,,,,,,,3,3,45.100042999999999,46.091253000000002,46.261046,"45.100042999999999,46.091253000000002,46.261046"
level2,dgemv_n,f64,OpenBLAS,512,31584,16.599797,gops,ok,sampled-ok,7.10542736e-15,,sq512,512,,,,,,,,,,,3,3,15.927574999999999,16.028860999999999,16.599796999999999,"16.028860999999999,16.599796999999999,15.927574999999999"
level2,dgemv_t,f64,OpenBLAS,512,29542,17.747207,gops,ok,sampled-ok,9.32587341e-15,,sq512,512,,,,,,,,,,,3,3,16.578277,16.710374999999999,17.747207,"16.710374999999999,17.747207,16.578277"
level2,dger,f64,OpenBLAS,512,34042,15.401210,gops,ok,sampled-ok,1.11022302e-16,,sq512,512,,,,,,,,,,,3,3,12.892222,13.996316,15.401210000000001,"12.892222,13.996316,15.401210000000001"
level2,dsymv,f64,OpenBLAS,512,32292,16.235848,gops,ok,sampled-ok,5.77315973e-15,,sq512,512,,,,,,,,,,,3,3,15.087424,15.141892,16.235848000000001,"16.235848000000001,15.141892,15.087424"
level2,sgemv_n,f32,OpenBLAS,512,11833,44.307276,gops,ok,sampled-ok,3.5470388e-06,,sq512,512,,,,,,,,,,,3,3,42.084443999999998,42.946264999999997,44.307276000000002,"42.946264999999997,42.084443999999998,44.307276000000002"
level2,sgemv_t,f32,OpenBLAS,512,16042,32.682209,gops,ok,sampled-ok,5.96385802e-07,,sq512,512,,,,,,,,,,,3,3,31.146439000000001,31.222487000000001,32.682209,"32.682209,31.222487000000001,31.146439000000001"
level2,sger,f32,OpenBLAS,512,32166,16.299447,gops,ok,sampled-ok,3.59643937e-08,,sq512,512,,,,,,,,,,,3,3,15.515152,16.194223999999998,16.299447000000001,"16.194223999999998,16.299447000000001,15.515152"
level2,ssymv,f32,OpenBLAS,512,28375,18.477110,gops,ok,sampled-ok,9.67069226e-07,,sq512,512,,,,,,,,,,,3,3,17.331835000000002,17.355357999999999,18.47711,"18.47711,17.331835000000002,17.355357999999999"
level2,zgemv_c,c64,OpenBLAS,512,47708,43.958078,gops,ok,sampled-ok,1.20524413e-14,,sq512,512,,,,,,,,,,,3,3,41.838444000000003,42.871639999999999,43.958078,"43.958078,42.871639999999999,41.838444000000003"
level2,zgemv_n,c64,OpenBLAS,512,69917,29.994880,gops,ok,sampled-ok,1.92808377e-14,,sq512,512,,,,,,,,,,,3,3,26.800664999999999,27.265484000000001,29.994879999999998,"29.994879999999998,27.265484000000001,26.800664999999999"
level2,zgemv_t,c64,OpenBLAS,512,47709,43.957157,gops,ok,sampled-ok,8.71436676e-15,,sq512,512,,,,,,,,,,,3,3,42.581766000000002,43.389651000000001,43.957157000000002,"42.581766000000002,43.389651000000001,43.957157000000002"
level2,zgerc,c64,OpenBLAS,512,53167,39.444618,gops,ok,sampled-ok,1.57009246e-16,,sq512,512,,,,,,,,,,,3,3,37.871819000000002,38.836148000000001,39.444617999999998,"38.836148000000001,39.444617999999998,37.871819000000002"
level2,zgeru,c64,OpenBLAS,512,53625,39.107730,gops,ok,sampled-ok,1.57009246e-16,,sq512,512,,,,,,,,,,,3,3,38.216892999999999,38.657179999999997,39.107729999999997,"38.657179999999997,38.216892999999999,39.107729999999997"
level2,zhemv,c64,OpenBLAS,512,52541,39.914581,gops,ok,sampled-ok,1.06950844e-14,,sq512,512,,,,,,,,,,,3,3,38.657179999999997,39.538319000000001,39.914580999999998,"39.538319000000001,38.657179999999997,39.914580999999998"
